S.NO,ZONE ,DISTRICT,CLUSTER,SCHOOL NAME ,BOARD,STUDENT STRENGTH,PRIORITY,CORRESPONDENT/ PRINCIPAL,MOBILE NUMBERS,AREA,Procurement Month ,Lead Status,Last Visit,Next Follow-Up,Assigned Canvasser,Expected Order Value,Remarks
1,North Tamil Nadu,Chennai,T. Nagar,Shrine Vailankanni Senior Secondary School,cbse,,,,,Dhandapani St,,,,,,,
,,,,Mahatma Gandhi Vidyalaya,cbse,,,,,Dakshin Bharat Hindi Prachar Sabha,,,,,,,
,,,,Padma Seshadri Bala Bhavan Senior Secondary School (PSBB),cbse,,,,,Thirumalai Pillai Rd,,,,,,,
,,,,Sree Narayana Mission Senior Secondary School,cbse,,,,,Easwaran Koil Street,,,,,,,
,,,,Alpha School CBSE,cbse,,,,,CIT Nagar West,,,,,,,
,,,,Shri B S Mootha Girls Senior Secondary School,cbse,,,,,West Mambalam,,,,,,,
,,,,Sairam School,cbse,,,,,T. Nagar,,,,,,,
,,,,Sri Ahobila Math Oriental Higher Secondary School,cbse,,,,,West Mambalam,,,,,,,
,,,,The Springdale Academy,cbse,,,,,T. Nagar,,,,,,,
,,,,Vani Vidyalaya Senior Secondary School,cbse,,,,,West Mambalam,,,,,,,
,,,,Holy Angels Anglo Indian Higher Secondary School,icse,,,,,Pondy Bazaar,,,,,,,
,,,,Vidyodaya Matriculation Academy,matric,,,,,Thirumalai Pillai Rd,,,,,,,
,,,,Sir M Venkatasubba Rao Matriculation Higher Secondary School,matric,,,,,Thirumalai Pillai Road,,,,,,,
,,,,Anjuman Matriculation Higher Secondary School,matric,,,,,Lakshimi Colony,,,,,,,
,,,,Little Oxford Matriculation Higher Secondary School,matric,,,,,Ramanujam St,,,,,,,
,,,,Smt. Vasantben Chandubhai Shah Matriculation School,matric,,,,,Venkatanarayana Rd,,,,,,,
,,,,St. Johns Matriculation School,matric,,,,,South West Boag Road,,,,,,,
,,,,SRM Nightingale Matriculation Higher Secondary School,matric,,,,,Veerasamy St,,,,,,,
,,,,St. Augustines Matriculation School,matric,,,,,Asoka Nagar,,,,,,,
,,,,Sri Tarachand Galada Jain Vidyalaya Matriculation School,matric,,,,,Madley 1st Street,,,,,,,
,,,,The British International School (ICSE Wing),icse,,,,,CIT Nagar East,,,,,,,
,,,,Future Gems International School,icse,,,,,Kodambakkam Border,,,,,,,
,,,,GRT Mahalakshmi Vidyalaya Matric Higher Sec School,matric,,,,,Pinjala Subramaniam Road,,,,,,,
,,,,Beta Matriculation Higher Secondary School,matric,,,,,Usman Road,,,,,,,
,,,,Masi Matriculation Higher Secondary School,matric,,,,,Ranganathan Street,,,,,,,
,,,,Baba Matriculation School,matric,,,,,China Raji Thottam,,,,,,,
,,,,RKM Sarada Vidyalaya Matriculation School,matric,,,,,Burkit Road,,,,,,,
,,,,Jain Vidyalaya Matriculation School,matric,,,,,Madley Road,,,,,,,
,,,,Shrine Vailankanni Senior Secondary School,cbse,,,,,Dhandapani St,,,,,,,
,,,,Padma Seshadri Bala Bhavan Senior Secondary School,cbse,,,,,Thirumalai Pillai Rd,,,,,,,
,,,Mylapore,Vidya Mandir Senior Secondary School,cbse,,,,,Vinayagar Kovil,,,,,,,
,,,,P S Senior Secondary School,cbse,,,,,Alamelu Manga Puram Rd,,,,,,,
,,,,Sir Siva Swami Kalalaya Senior Secondary School,cbse,,,,,Girija Garden,,,,,,,
,,,,St. John's Senior Secondary School,cbse,,,,,Mandavelipakkam,,,,,,,
,,,,Sri Chaitanya Techno School,cbse,,,,,near Alwarpet Signal,,,,,,,
,,,,Chettinad Vidyashram,icse,,,,,Raja Annamalaipuram,,,,,,,
,,,,Rosary Matriculation Higher Secondary School,matric,,,,,Basha Garden,,,,,,,
,,,,Sir Sivaswami Kalalaya Matriculation Higher Secondary School,matric,,,,,Alamelu Manga Puram,,,,,,,
,,,,M.P. Aanandh Matriculation Higher Secondary School,matric,,,,,CIT Colony,,,,,,,
,,,,Dominic Savio Matriculation Higher Secondary School,matric,,,,,Santhome,,,,,,,
,,,,CSI St. Ebba’s Matriculation Higher Secondary School,matric,,,,,Dr Radha Krishnan Salai,,,,,,,
,,,,St. Bede's Academy CBSE,cbse,,,,,nochhi nagar,,,,,,,
,,,,M.C.T.M. Chidambaram Chettyar International School,igcse,,,,,CIT coloy,,,,,,,
,,,,Canopo International School,igcse,,,,,bheemasena garden,,,,,,,
,,,,Rosary Matriculation Higher Secondary School,matric,,,,,Papanasam Sivan Salai,,,,,,,
,,,,Sri Venugopal Vidyalaya Matriculation Higher Secondary School,matric,,,,,mandaveli  ,,,,,,,
,,,Adyar,Bala Vidya Mandir Senior Secondary School,cbse,,,,,Adithanar Road,,,,,,,
,,,,Sri Sankara Senior Secondary School,cbse,,,,,vasantha press road,,,,,,,
,,,,The Hindu Senior Secondary School,cbse,,,,,indhira nagara,,,,,,,
,,,,Bharath Senior Secondary School,cbse,,,,,kamaraj avenue,,,,,,,
,,,,Sishya School,cbse,,,,,Padmanabha Nagar,,,,,,,
,,,,St. Michael’s Academy,cbse,,,,,canal cross road,,,,,,,
,,,,St. Patrick’s Anglo-Indian Hr. Sec. School,cbse,,,,,gandhi nagar,,,,,,,
,,,,Kumararani Meena Muthiah Matric School,cbse,,,,,gandhi nagar,,,,,,,
,,,,Sri Mylai Karpagavalli Matric School,cbse,,,,,shastri nagar,,,,,,,
,,,,Vidya Ratna PTS Matric School,cbse,,,,,shastri nagar,,,,,,,
,,,,Shiv Nadar School,cbse,,,,,Besant Avenue Road,,,,,,,
,,,,St. John’s English School,cbse,,,,,custom colony,,,,,,,
,,,,Besant Arundale Senior Secondary School,cbse / matric,,,,,thiruvanmiuyr road,,,,,,,
,,,,Chettinad Vidyashram,cbse,,,,,MRC nagar,,,,,,,
,,,Anna Nagar,SBOA School & Junior College,cbse,,,,,D sector,,,,,,,
,,,,Chinmaya Vidyalaya Senior Secondary School,cbse,,,,,Z block,,,,,,,
,,,,Chennai Public School,cbse,,,,,radial nagar,,,,,,,
,,,,Jaigopal Garodia Vivekananda Vidyalaya,cbse   ,,,,,anna nagar east,,,,,,,
,,,,Shri Krishnaswamy Vidyashram,cbse,,,,,vaigai colony,,,,,,,
,,,,Kola Perumal Chetty Vaishnav Senior Secondary School,cbse   ,,,,,EVR Periyar High Road,,,,,,,
,,,,Faith International Academy,cbse   ,,,,,ponni colony,,,,,,,
,,,,CPS Global School,icse,,,,,3rd avenue,,,,,,,
,,,,The Sun Smart Foundation International School,icse,,,,,6th avenue,,,,,,,
,,,,Aachi Global School (Main Campus),icse,,,,,thangam colony,,,,,,,
,,,,C.S.I. Jessie Moses Matriculation Higher Secondary School,matric,,,,,kathiravan colony,,,,,,,
,,,,Leo Matriculation Higher Secondary School,cbse,,,,,poineer colony,,,,,,,
,,,,ICI Matriculation Higher Secondary School,matric,,,,,thangam colony,,,,,,,
,,,,CSI Ewart Matriculation & Higher Secondary School,matric,,,,,soundarya colony,,,,,,,
,,,,Valliammal Matriculation Higher Secondary School,matric,,,,,block F,,,,,,,
,,,,Grace Matriculation Higher Secondary School,matric,,,,,Block L,,,,,,,
,,,,Shri Krishnaswamy Matriculation Higher Secondary School,matric,,,,,block AC,,,,,,,
,,,,Anna Adarsh Matriculation Higher Secondary School,matric,,,,,near blue star bus stop,,,,,,,
,,,,S.B.O.A. Matriculation & Higher Secondary School,matric,,,,,c sector,,,,,,,
,,,,Velammal Matriculation Higher Secondary School,matric,,,,,anna nagar  ,,,,,,,
,,,Velachery,DAV Public School Velachery,cbse   ,,,,,velachery,,,,,,,
,,,,San Academy Velachery,cbse,,,,,velachery,,,,,,,
,,,,St. Britto’s Academy,cbse,,,,,nethaji nagar,,,,,,,
,,,,AGR Global School,cbse,,,,,vijaya nagar,,,,,,,
,,,,Sri Chaitanya Techno School,cbse,,,,,vaigai street,,,,,,,
,,,,DAVe Baba Vidyalaya Senior Secondary,cbse,,,,,vandikaran street ,,,,,,,
,,,,Guru Nanak Matriculation Higher Secondary School,matric,,,,,velanchery main rd,,,,,,,
,,,,Bethel Matriculation Higher Secondary School,matric,,,,,sarathi nagar,,,,,,,
,,,,David Matriculation Higher Secondary School,matric,,,,,ayodhya colony,,,,,,,
,,,,St. Francis Savio Matriculation Higher Secondary School,matric,,,,,dhandeeshwara nagar,,,,,,,
,,,,Siva Sakthi Matriculation School,matric,,,,,lakshmi puram,,,,,,,
,,,,Mount Carmel Matriculation School,matric,,,,,soni nagar,,,,,,,
,,,,A.G.M. Higher Secondary School,matric,,,,,vijaya nagar,,,,,,,
,,,,ORCHIDS The International School,icse,,,,,tansi nagar,,,,,,,
,,,,London Montessori International School,igcse,,,,,MGR nagar,,,,,,,
,,,,Ponvidyashram Group of Senior Secondary Schools,cbse,,,,,sambandhar street,,,,,,,
,,,,Sunshine Chennai Senior Secondary School,cbse   ,,,,,AGS colony,,,,,,,
,,,Tambaram,Zion International Public School,cbse,,,,,tambaram,,,,,,,
,,,,Christ King Matriculation Higher Secondary School,matric,,,,,tambaram,,,,,,,
,,,,Velammal Vidyalaya,cbse,,,,,thambaram  ,,,,,,,
,,,,Shree Niketan Patasala,cbse,,,,,west thambaram,,,,,,,
,,,,Sitadevi Garodia Hindu Vidyalaya,cbse,,,,,east thambaram,,,,,,,
,,,,Alwin Memorial Public School,cbse,,,,,Selaiyur,,,,,,,
,,,,Sreevatsa Viswanathan Vivekananda Vidyalaya,cbse,,,,,east thambaram,,,,,,,
,,,,Vels Global School,cbse,,,,,thambaram  ,,,,,,,
,,,,Narayana e-Techno School,cbse   ,,,,,west thambaram,,,,,,,
,,,,St. John's School of Excellence,cbse,,,,,Tambaram Sanatorium,,,,,,,
,,,,Sri Chaitanya Techno School,cbse   ,,,,,Tambaram Sanatorium,,,,,,,
,,,,Christwood School,icse,,,,,thambaram suburb,,,,,,,
,,,,Good Earth School,icse,,,,,thambaram west,,,,,,,
,,,,Grace International School,icse,,,,,Chitlapakkam,,,,,,,
,,,,Zion Matriculation Higher Secondary School,matric,,,,,Ranganatha Nagar,,,,,,,
,,,,MCC Campus Matriculation Higher Secondary School,matric,,,,,air force station rd,,,,,,,
,,,,Sairam Matriculation Higher Secondary School,matric,,,,,west thambaram,,,,,,,
,,,,Sir & Lady M. Venkatasubba Rao Matriculation School,matric,,,,,west thambaram,,,,,,,
,,,,Shri Anand Jain Vidyalaya Matric School,matric,,,,,west thambaram,,,,,,,
,,,,Sri Ramakrishna Matric Higher Secondary School,matric,,,,,west thambaram,,,,,,,
,,,,Annai Violet Matriculation & Higher Secondary School,matric,,,,,Chitlapakkam,,,,,,,
,,,,Indian Matriculation Higher Secondary School,matric,,,,,Chromepet,,,,,,,
,,,Porur,PSBB Millennium School,cbse,,,,,porur,,,,,,,
,,,,The Schram Academy,cbse   ,,,,,porur,,,,,,,
,,,,Alpha School CBSE,cbse,,,,,Mugalivakkam,,,,,,,
,,,,Swamy's School,cbse   ,,,,,om shakthi nagar,,,,,,,
,,,,Narayana Olympiad School,cbse,,,,,Govindappa Nagar,,,,,,,
,,,,Arulmigu Meenakshi Amman PS,cbse,,,,,Kundrathur Main Rd,,,,,,,
,,,,Narayana e-Techno School,cbse   ,,,,,Sri Krishna Nagar,,,,,,,
,,,,Achariya Siksha Mandir,cbse   ,,,,,Sapthagiri Nagar,,,,,,,
,,,,Pon Vidyashram School,cbse   ,,,,,alapakkam main rd,,,,,,,
,,,,Devi Academy Sr. Sec. School,cbse   ,,,,,AV garden,,,,,,,
,,,,Velammal Bodhi Campus,cbse   ,,,,,Parvathi Ave,,,,,,,
,,,,Anand Singapore Int. School,icse,,,,,anna main rd,,,,,,,
,,,,St. Francis Int. School,icse,,,,,Thirumurugan Nagar,,,,,,,
,,,,St. John's Matric HSS,matric,,,,,lakshmi nagar,,,,,,,
,,,,MKM Higher Secondary School,matric,,,,,Mugalivakkam,,,,,,,
,,,,Grace Matriculation HSS,matric,,,,,Karambakkam,,,,,,,
,,,,St. Joseph Matric HSS,matric,,,,,porur,,,,,,,
,,,,St. Mary’s Matric HSS,matric,,,,,vigneshwara ngr,,,,,,,
,,,,Kalashetra Matric School,matric,,,,,Ayyappanthangal,,,,,,,
,,,,St. Pauls Matric HSS,matric,,,,,Karambakkam,,,,,,,
,,,,Rajiv School Of Excellence,matric,,,,,alapakkam,,,,,,,
,,,Ambattur,Velammal Vidhyashram,cbse,,,,,Lenin Nagar,,,,,,,
,,,,Nathella Vidhyodaya,cbse   ,,,,,ambattur,,,,,,,
,,,,Annai Violet International School,cbse,,,,,pudur,,,,,,,
,,,,Ebenezer Marcus International School,cbse   ,,,,,ambattur,,,,,,,
,,,,Annai Violet International School,cbse,,,,,west ambatthur,,,,,,,
,,,,PGS CBSE School,cbse,,,,,Venkatapuram,,,,,,,
,,,,Dr. Mehta's International Smart School,cbse   ,,,,,athipet,,,,,,,
,,,,The Indian Public School (TIPS),icse,,,,,Vanchi Nagar,,,,,,,
,,,,Birla Open Minds International School,icse,,,,,Udayar Palayam Nagar,,,,,,,
,,,,Hussain Memorial Matriculation Higher Secondary School,matric,,,,,manthoppu nagar,,,,,,,
,,,,St. Joseph's Matriculation Higher Secondary School,matric,,,,,West Krishnapuram,,,,,,,
,,,,Sethu Bhaskara Matriculation Higher Secondary School,matric,,,,,ambattur,,,,,,,
,,,,Sacred Heart Matriculation Higher Secondary School,matric,,,,,core ambattur,,,,,,,
,,,,Samuel Harris Matriculation Higher Secondary School,matric,,,,,ambattur,,,,,,,
,,,,St. Theresa's Matriculation Higher Secondary School,matric,,,,,Mannurpet,,,,,,,
,,,,Amutha Matriculation Higher Secondary School,matric,,,,,ambattur,,,,,,,
,,,OMR / Sholinganallur,Babaji Vidhyashram Senior Secondary School,cbse   ,,,,,Sholinganallur,,,,,,,
,,,,Velammal New Gen School,cbse,,,,,Rajiv Gandhi Salai (OMR),,,,,,,
,,,,Ramana Vidyalaya,cbse   ,,,,,mgr road,,,,,,,
,,,,Narayana eTechno School,cbse   ,,,,,new kumaran nagar,,,,,,,
,,,,Adhithya Public School,cbse   ,,,,,Marutham Nagar,,,,,,,
,,,,PSBB Millennium School OMR,cbse   ,,,,,DLF garden city road,,,,,,,
,,,,Campus K International School,igcse,,,,,KTK town,,,,,,,
,,,,JS Global School,igcse,,,,,lake road,,,,,,,
,,,,International Village School,ib,,,,,classic farm avenue road,,,,,,,
,,,,Gateway The Complete School,igcse,,,,,Rajiv Gandhi Salai (OMR),,,,,,,
,,,,Ellen Sharma Memorial Matriculation Higher Secondary School,matric,,,,,TNHB,,,,,,,
,,,,Sacred Heart Matriculation Higher Secondary School,matric,,,,,devaraj nagar,,,,,,,
,,,,Hiranandani Upscale School,cbse   ,,,,,Sholinganallur,,,,,,,
,,,Perambur,The Shri Ram Universal School,cbse   ,,,,,new farrance road,,,,,,,
,,,,Sri Bala Vidyalaya,cbse   ,,,,,santhi nagar,,,,,,,
,,,,Everwin Vidhyashram,cbse   ,,,,,santhi nagar,,,,,,,
,,,,ORCHIDS The International School,cbse   ,,,,,puliyamthopu,,,,,,,
,,,,KRM public school,cbse   ,,,,,shanthi nagar,,,,,,,
,,,,Olive Tree International School,cbse   ,,,,,erukancherry,,,,,,,
,,,,St. Joseph's Anglo-Indian Higher Secondary School,matric,,,,,jagganathan colony,,,,,,,
,,,,PERIYAR ACADEMY CBSE SCHOOL,cbse   ,,,,,periyar nagar west,,,,,,,
,,,,Narayana eTechno (CBSE) School ,cbse   ,,,,,MR nagar,,,,,,,
,,,,St.Mary's Matric. Girls Hr. Sec. School,matric,,,,,jamliya nagar,,,,,,,
,,,Mogappair,Dawn School,cbse,,,,,nolambur,,,,,,,
,,,,D.A.V. Girls Senior Secondary School,cbse   ,,,,,JJ nagar,,,,,,,
,,,,Chennai Public School,cbse   ,,,,,TVS avenue,,,,,,,
,,,,Mar Gregorios Public School,cbse   ,,,,,panner nagar,,,,,,,
,,,,Velammal Vidyalaya,cbse   ,,,,,mogappair west,,,,,,,
,,,,Green Valley Central School,cbse   ,,,,,mogappair  ,,,,,,,
,,,,Vels Global School,cbse   ,,,,,mogappair,,,,,,,
,,,,The Schram Academy,cbse   ,,,,,mogappair,,,,,,,
,,,,Spartan Matriculation Higher Secondary School,matric,,,,,JJ nagar,,,,,,,
,,,,DAV Matriculation Higher Secondary School,matric,,,,,JJ nagar,,,,,,,
,,,,Velammal Matriculation Higher Secondary School,matric,,,,,block no 7,,,,,,,
,,,,St. John's Matriculation Higher Secondary School,matric,,,,,mogappair west,,,,,,,
,,,,Shamrock Matriculation Higher Secondary School,matric,,,,,mogappair west,,,,,,,
,,,,Amutha Matric Higher Secondary School,matric,,,,,mogappair west,,,,,,,
,,,,Bharathi Vidhyalaya Matriculation Higher Secondary School,matric,,,,,mogappair,,,,,,,
,,,,St. Thresa's Matriculation Higher Secondary School,matric,,,,,mogappair west,,,,,,,
,,,,Orchids The International School,icse,,,,,mogappair,,,,,,,
,,,,Aadhithya International Public School,icse,,,,,mogappair west,,,,,,,
,,,,VAELS Ravindra Bharathi Global School,icse,,,,,JJ nagar,,,,,,,
,,,Koyambedu,Narayana e-Techno School,cbse   ,,,,,avvai thiru nagar,,,,,,,
,,,,VAELS Ravindra Bharathi Global School,cbse   ,,,,,pallavan nagar,,,,,,,
,,,,St. Thomas Academy Senior Secondary CBSE School,cbse   ,,,,,koyambedu,,,,,,,
,,,,Chinmaya Vidyalaya Higher Secondary School,cbse   ,,,,,natesan nagar,,,,,,,
,,,,Dayasadan Agarwal Vidyalaya,cbse   ,,,,,nerkundram,,,,,,,
,,,,Daniel Thomas Matriculation Higher Secondary School,matric,,,,,sathya sai nagar,,,,,,,
,,,,Sri Devi Matriculation School,matric,,,,,krishna nagar,,,,,,,
,,,,Sre Sasstha Matriculation Higher Secondary School,matric,,,,,iyyapa nagar,,,,,,,
,,,,Mohamad Sathak Matriculation and Higher Secondary School,matric,,,,,MMDA colony main rd,,,,,,,
,,,,M.R. Matriculation Higher Secondary School,matric,,,,,koyambedu,,,,,,,
,,,,SV High Cambridge International School,icse,,,,,vinayagapuram 3rd street,,,,,,,
,,,,Apple Valley Special School,special education,,,,,koyambedu,,,,,,,
,,,Avadi,VGN Chinmaya Vidyalaya,cbse,,,,,kamaraj nagar,,,,,,,
,,,,Velammal Vidyalaya,cbse   ,,,,,avadi hg rd,,,,,,,
,,,,Jaigopal Garodia Vivekananda Vidyalaya,cbse   ,,,,,TNHB layout,,,,,,,
,,,,Maharshi Vidya Mandir,cbse   ,,,,,avadi   ,,,,,,,
,,,,The Nazareth Academy,cbse   ,,,,,avadi   ,,,,,,,
,,,,Marian School of Excellence,cbse   ,,,,,IAF road,,,,,,,
,,,,Mahalashmi Vidhya Mandhir,cbse   ,,,,,avadi   ,,,,,,,
,,,,ABS Global Smart School,cbse   ,,,,,avadi,,,,,,,
,,,,Great Harvest Vidyalaya,cbse   ,,,,,bharathi nagar,,,,,,,
,,,,Nazareth Matriculation Higher Secondary School,matric,,,,,patel street west,,,,,,,
,,,,Sri S.B. Vijaya Reddiar Matriculation Higher Secondary School,matric,,,,,avadi   ,,,,,,,
,,,,Shri M.A. Krishnaswamy Matriculation Higher Secondary School,matric,,,,,avadi,,,,,,,
,,,,St. Joseph's Matriculation School,matric,,,,,avadi   ,,,,,,,
,,,,St. Paul Matriculation School,matric,,,,,avadi,,,,,,,
,,,,Immanuel Matriculation Higher Secondary School,matric,,,,,avadi   ,,,,,,,
,,,,Dove Matric Higher Secondary School,matric,,,,,avadi,,,,,,,
,,,,Thangamani Matriculation Higher Secondary School,matric,,,,,avadi,,,,,,,
,,,,Sudharssanam Paatashala International School,icse,,,,,thiruverkadu,,,,,,,
,,,,Vriksha Montessori,preschool,,,,,avadi   ,,,,,,,
,,,Poonamallee,Chennai Public School,cbse,,,,,TH road,,,,,,,
,,,,Velammal Vidyalaya,cbse   ,,,,,poonamalle to avadi hg way,,,,,,,
,,,,The Schram Academy,cbse   ,,,,,poonamlle    ,,,,,,,
,,,,Amrita Vidyalayam,cbse   ,,,,,jiamall nagar,,,,,,,
,,,,St. John's International Residential School,cbse   ,,,,,poonamalle   ,,,,,,,
,,,,Sree Narayana Mission Senior Secondary School,cbse   ,,,,,imperial gardens,,,,,,,
,,,,Sree Narayana Mission Senior Secondary School,cbse   ,,,,,mangadu rd,,,,,,,
,,,,Saveetha Amravathi International School,cbse   ,,,,,poonamallee ,,,,,,,
,,,,Narayana e-Techno School,cbse,,,,,poonamalle   ,,,,,,,
,,,,The Little Kingdom International School,icse,,,,,trunk road,,,,,,,
,,,,Hebron Castle International School,icse,,,,,poonamalle   ,,,,,,,
,,,,Daniel Thomas Matriculation Higher Secondary School,matric,,,,,poonamalle   ,,,,,,,
,,,,St. Mary's Matriculation Higher Secondary School,matric,,,,,poonamalle   ,,,,,,,
,,,,S.A. Matriculation Higher Secondary School,matric,,,,,poonamalle   ,,,,,,,
,,,,Jayagovind Harigopal Agarwal Agarchand Matriculation School,matric,,,,,poonamalle   ,,,,,,,
,,,,Sarojini Varadappan Girls Matriculation School,matric,,,,,trunk road,,,,,,,
,,,,Christ King Matriculation Higher Secondary School,matric,,,,,poonamalle   ,,,,,,,
,,,,Arignar Anna Matriculation Higher Secondary School,matric,,,,,rukmani nagar,,,,,,,
,,,,St. Joseph's Matriculation Higher Secondary School,matric,,,,,trunk road,,,,,,,
,,,Thiruvanmiyur,The Hindu Senior Secondary School,cbse   ,,,,,indhira nagar,,,,,,,
,,,,Sri Sankara Senior Secondary School,cbse,,,,,adyar border,,,,,,,
,,,,Sishya School,cbse,,,,,valmiki nagar,,,,,,,
,,,,Dr. C.L. Metha CBSE School,cbse,,,,,ECR main road,,,,,,,
,,,,Lalaji Memorial Omega International School,cbse,,,,,thiruvanmiyur,,,,,,,
,,,,St. John's Matriculation Higher Secondary School,matric,,,,,south mada street ,,,,,,,
,,,,St. Kevin's Matriculation Higher Secondary School,matric,,,,,kamaraj salai,,,,,,,
,,,,Kamraj Matriculation Higher Secondary School,matric,,,,,thiruvanmiyur,,,,,,,
,,,,Sri Venkataramana Matriculation School,matric,,,,,rukmani road,,,,,,,
,,,,The School - KFI (Krishnamurti Foundation India),icse,,,,,besanth nagar border,,,,,,,
,,,,The British International School,igcse,,,,,thiruvanmiyur,,,,,,,
,,,Perungudi,BVM Global Perungudi,cbse   ,,,,,seevaram,,,,,,,
,,,,BVM Global (KG & Primary Block),cbse   ,,,,,rajiv nagar,,,,,,,
,,,,Sangford Schools,cbse   ,,,,,CBI colony,,,,,,,
,,,,Sri Chaitanya Techno School,cbse   ,,,,,perungudi,,,,,,,
,,,,Thiruvalluvar Vidhyashram CBSE School,cbse   ,,,,,sri kumaran  nagar,,,,,,,
,,,,The Indian Public School,cbse   ,,,,,industrial estate ,,,,,,,
,,,,Al-Fajr International School,CBSE / IGCSE,,,,,Nehru Nagar 2nd Main Road,,,,,,,
,,,,Montfort Matriculation School,Matriculation (State Board),,,,,"Rajalakshmi Ave Main Road, Phase-1",,,,,,,
,,,,St. Pius X Matriculation Higher Sec School,Matriculation (State Board),,,,,"Church Main Road, Kandhanchavadi",,,,,,,
,,,,Bharath Dass Matriculation Higher Secondary School,Matriculation (State Board),,,,,"1st Main Road, Tirumalai Nagar",,,,,,,
,,,,Abacus Montessori School,Montessori / International Link,,,,,Thirumalai Nagar Annexe,,,,,,,
,,,,Sri Sankara Global Academy,Cambridge / IGCSE,,,,,"11th Cross Street, Phase-1, Telephone Nagar",,,,,,,
,,,,Seed Academy,IGCSE / Cambridge,,,,,"Bethel Nagar Street, Industrial Estate",,,,,,,
,,,,American World School,International (US Curriculum),,,,,"Nehru Nagar, Rajiv Gandhi Salai (OMR)",,,,,,,
,,,Chromepet,Srimathi Sundaravalli Memorial School (SSM),CBSE,,,,,Ponnappa Nagar,,,,,,,
,,,,Smt. Ramkuwar Devi Fomra Vivekananda Vidyalaya,CBSE,,,,,Nagappa Nagar,,,,,,,
,,,,Shikshaa Public School,CBSE,,,,,New Colony / Ponniamman Koil,,,,,,,
,,,,Sri Sathya Sai Institute of Educare,CBSE,,,,,Fathima Nagar,,,,,,,
,,,,Sri Chaitanya Techno School,CBSE,,,,,CLC Works Road,,,,,,,
,,,,Shree Gugans School,CBSE,,,,,Radha Nagar,,,,,,,
,,,,NSN Matriculation Higher Secondary School,Matriculation (State Board),,,,,Chitlapakkam Main Road,,,,,,,
,,,,St. Paul's Matriculation Higher Secondary School,Matriculation (State Board),,,,,Park Street,,,,,,,
,,,,Holy Queen Matriculation Higher Secondary School,Matriculation (State Board),,,,,Radha Nagar Main Road,,,,,,,
,,,,SCS Matriculation Higher Secondary School,Matriculation (State Board),,,,,Lakshmipuram,,,,,,,
,,,,Rosily Matriculation Higher Secondary School,Matriculation (State Board),,,,,"Station Road, Nehru Nagar",,,,,,,
,,,,Hilton Matriculation Higher Secondary School,Matriculation (State Board),,,,,Chromepet Local,,,,,,,
,,,,Kavitha Matriculation Higher Secondary School,Matriculation (State Board),,,,,Kumarapuram,,,,,,,
,,,,GGN International School,Cambridge / IGCSE,,,,,radha nagar   ,,,,,,,
,,,Pallavaram,Vels Vidyashram,CBSE,,,,,"PV Vaithiyalingam Road, Pallavaram",,,,,,,
,,,,Sri Chaitanya Techno School,CBSE,,,,,"Mariamman Koil Street, Pallavaram",,,,,,,
,,,,Narayana e-Techno School,CBSE,,,,,"Old Trunk Road, Pallavaram",,,,,,,
,,,,Cantonment Public School,CBSE,,,,,St. Thomas Mount / Pallavaram Border,,,,,,,
,,,,Holy Cross Matriculation Higher Secondary School,Matriculation (State Board),,,,,"Cantonment, Old Pallavaram",,,,,,,
,,,,St. Theresa's Girls Higher Secondary School,Matriculation (State Board),,,,,"Church Road, Pallavaram",,,,,,,
,,,,St. Sebastian's Matriculation Higher Secondary School,Matriculation (State Board),,,,,"Station Road, Pallavaram",,,,,,,
,,,,Nadasi Alamelu Ammal Matriculation School,Matriculation (State Board),,,,,Issa Pallavaram,,,,,,,
,,,,Anantha Matriculation Higher Secondary School,Matriculation (State Board),,,,,Zamin Pallavaram,,,,,,,
,,,,Sri Sankara Vidyalaya Matriculation School,Matriculation (State Board),,,,,Pammal Main Road (Pallavaram Link),,,,,,,
,,,,Vels Global School,Cambridge / IGCSE,,,,,"Dargah Road, Pallavaram",,,,,,,
,,,Egmore,Don Bosco School of Excellence,CBSE,,,,,"Pantheon Road, Egmore",,,,,,,
,,,,Sana Nursery & Primary School,CBSE,,,,,"Varadarajulu Street, Egmore",,,,,,,
,,,,Don Bosco Matriculation Higher Secondary School,Matriculation (State Board),,,,,"Casa Major Road, Egmore",,,,,,,
,,,,Sivakasi Hindu Nadar Matriculation Higher Sec. School,Matriculation (State Board),,,,,"Aravamudhan Garden Street, Egmore",,,,,,,
,,,,Beta Matriculation Higher Secondary School,Matriculation (State Board),,,,,Egmore Local,,,,,,,
,,,,Kalaipoonga Matriculation School,Matriculation (State Board),,,,,Egmore Local,,,,,,,
,,,,St. Anthony's Anglo-Indian High School,State Board (Anglo-Indian),,,,,"Rukmani Lakshmipathi Road, Egmore",,,,,,,
,,,,Grove School,ICSE,,,,,Eldams Road / Alwarpet (Egmore Zone Link),,,,,,,
,,,Anna salai,Asan Memorial Senior Secondary School,CBSE,,,,,"Anderson Road, Thousand Lights (Off Anna Salai)",,,,,,,
,,,,P.N.D Adarsh Vidyalaya Senior Secondary School,CBSE,,,,,"Peter's Road, Royapettah (Anna Salai Link)",,,,,,,
,,,,The Hindu Senior Secondary School,CBSE,,,,,"Big Street, Triplicane (Near Anna Salai)",,,,,,,
,,,,Asan Memorial Matriculation Higher Sec. School,Matriculation (State Board),,,,,Thousand Lights West (Off Anna Salai),,,,,,,
,,,,Eve Matriculation Higher Secondary School,Matriculation (State Board),,,,,"Pycrofts Road, Triplicane (Anna Salai Border)",,,,,,,
,,,,Sri Durga Matriculation School,Matriculation (State Board),,,,,"Unnis Ali Sahib Street, Anna Salai",,,,,,,
,,,,Emma Foulger Matriculation School,Matriculation (State Board),,,,,"Indira Garden, Royapettah (Anna Salai Link)",,,,,,,
,,,,C.S.I. Monahan Matriculation School,Matriculation (State Board),,,,,Royapettah (Anna Salai Link),,,,,,,
,,,,Moses Nursery and Primary School,Matriculation (State Board),,,,,"Ellis Road, Mount Road, Anna Salai",,,,,,,
,,,,Christ Church Anglo-Indian Higher Sec. School,State Board (Anglo-Indian),,,,,"#56 Anna Salai, Mount Road",,,,,,,
,,,,St. Ursula's Anglo-Indian Higher Sec. School,State Board (Anglo-Indian),,,,,"#213 Anna Salai, Church Park",,,,,,,
,,,Triplicane,The Hindu Senior Secondary School,CBSE,,,,,"Big Street, Triplicane",,,,,,,
,,,,Eve Matriculation Higher Secondary School,Matriculation (State Board),,,,,"Pycrofts Road, Triplicane",,,,,,,
,,,,N.K.T. National Matriculation Higher Sec. School,Matriculation (State Board),,,,,"Dr. Besant Road, Triplicane",,,,,,,
,,,,Kellett Higher Secondary School (Private Wing),Matriculation (State Board),,,,,Triplicane High Road,,,,,,,
,,,,Anjuman Nursery and Primary School,Matriculation (State Board),,,,,"Mosque Street, Triplicane",,,,,,,
,,,,M.K.M. Matriculation Higher Secondary School,Matriculation (State Board),,,,,Peters Road Layout (Triplicane-Royapettah Border),,,,,,,
,,,,St. Paul's Matriculation School,Matriculation (State Board),,,,,Triplicane,,,,,,,
,,,Tondiarpet & Tiruvottiyur,Sri Ram Dayal Khemka Vivekananda Vidyalaya,CBSE,,,,,"Sathiyamoorthy Nagar, Tondiarpet",,,,,,,
,,,,Shri Sushwani Matha Jain Vidyalaya School,CBSE,,,,,Tondiarpet,,,,,,,
,,,,Kavi Bharathi Vidyalaya,CBSE,,,,,Tiruvottiyur,,,,,,,
,,,,Smt. Mohini Saraogi Vivekananda Vidyalaya,CBSE,,,,,"Jothi Nagar, Tiruvottiyur",,,,,,,
,,,,Velammal New Gen School,CBSE,,,,,Tondiarpet / Tiruvottiyur Stretches,,,,,,,
,,,,TST Rajah Girls' Matriculation Higher Sec. School,Matriculation (State Board),,,,,Tondiarpet,,,,,,,
,,,,Maria Matriculation Higher Secondary School,Matriculation (State Board),,,,,Tondiarpet,,,,,,,
,,,,Revoor Padmanabha Chetty Matriculation Hr. Sec. School,Matriculation (State Board),,,,,Tiruvottiyur,,,,,,,
,,,,Victory Matriculation Higher Secondary School,Matriculation (State Board),,,,,Tiruvottiyur,,,,,,,
,,,,Holy Cross Matriculation School,Matriculation (State Board),,,,,Tiruvottiyur,,,,,,,
,,,,Raghupathy Raja Vidyalaya Matriculation School,Matriculation (State Board),,,,,Tiruvottiyur,,,,,,,
,,,,Angel Babyland Matriculation Higher Secondary School,Matriculation (State Board),,,,,Tondiarpet,,,,,,,
,,,,Daniel Matriculation Higher Secondary School,Matriculation (State Board),,,,,korukkupet,,,,,,,
,,,,Our Lady's Higher Secondary School (Private Wing),Matriculation (State Board),,,,,Tiruvottiyur,,,,,,,
,,,,Orchids The International School,CBSE / International Wing,,,,,tondiarpet,,,,,,,
,,,Ennore & Vyasarpadi,Smt. Narbada Devi J Agarwal Vivekananda Vidyalaya Sr Sec School,CBSE,,,,,vysarpadi,,,,,,,
,,,,Olive Tree International School,CBSE (Proposed),,,,,kondungaiyur,,,,,,,
,,,,Don Bosco Matriculation Higher Secondary School,State Board (Matric),,,,,erukkancheri,,,,,,,
,,,,St. Paul’s Matriculation Higher Secondary School,State Board (Matric),,,,,vysarpadi,,,,,,,
,,,,Veera Savakar Nethaji Matric Hr Sec School,State Board (Matric),,,,,aa road,,,,,,,
,,,,VOC Vidyalaya Matriculation Higher Secondary School,State Board (Matric),,,,,vysarpadi,,,,,,,
,,,,M.P. Devadas High School,State Board,,,,,vysarpadi,,,,,,,
,,,,Don Bosco Beatitudes Residential School,State Board,,,,,sundaram street,,,,,,,
,,,,Gnanodhya Girls High School,State Board,,,,,melpatti ponnappan street,,,,,,,
,,,,Jega Jothi Vidyalaya Nursery & Primary School,State Board,,,,,b v colony,,,,,,,
,,,,Jega Jothi Vidyalaya (Branch),State Board,,,,,kakanji nagar,,,,,,,
,,,,Annai Velankanni Matric School,State Board (Matric),,,,,vysarpadi,,,,,,,
,,,,Geetha Matric Higher Secondary School,State Board (Matric),,,,,vysarpadi,,,,,,,
,,,,Athima Matric Higher Secondary School,State Board (Matric),,,,,vysarpadi,,,,,,,
,,,,Sri Ram Dayal Khemka Vivekananda Vidyalaya Jr College,CBSE,,,,,Thiruvottiyur,,,,,,,
,,,"Washermanpet, royapuram & madhavaram",A.A. Public School,CBSE,,,,,Royapuram,,,,,,,
,,,,ORCHIDS The International School,CBSE,,,,,Near Washermanpet (Pulianthope),,,,,,,
,,,,St. Mary's Matric Hr Sec School,Matric (State Board),,,,,Washermanpet,,,,,,,
,,,,St. Anne's Girls Higher Secondary School,Matric (State Board),,,,,Royapuram,,,,,,,
,,,,Olive Tree International School,CBSE,,,,,Kodungaiyur (near Royapuram),,,,,,,
,,,,Velammal New Gen School Madhavaram,CBSE,,,,,Madhavaram,,,,,,,
,,,,Sri Chaitanya School,CBSE,,,,,Madhavaram,,,,,,,
,,,,Acharya Mahashraman Terapanth Jain Public School,CBSE,,,,,Madhavaram,,,,,,,
,,,,St. Joseph's Academy Matric Hr Sec School,Matric (State Board),,,,,Madhavaram,,,,,,,
,,,,Sri Sakthi Matriculation Hr Sec School,Matric (State Board),,,,,Madhavaram,,,,,,,
,,,,Greenfield Chennai International School,International (IGCSE/IB-type curriculum),,,,,Madhavaram,,,,,,,
,,,,Padma Prakash Matric Hr Sec School,Matric (State Board),,,,,Kodungaiyur (near Washermanpet),,,,,,,
,,,,TAAC CBSE School,CBSE,,,,,Madhavaram,,,,,,,
,,,,Godson Public School,CBSE / Matric,,,,,Nearby (Vinayakapuram),,,,,,,
,,,Nungambakkam & kilpauk,Chinmaya Vidyalaya,CBSE,,,,,Kilpauk,,,,,,,
,,,,Padma Seshadri,CBSE,,,,,Nungambakkam,,,,,,,
,,,,Good Shepherd Mat. Hr. Sec. School,Matric,,,,,Nungambakkam,,,,,,,
,,,,Crescent Matriculation Higher Secondary School,Matric,,,,,Nungambakkam,,,,,,,
,,,,Sherwood Hall Senior Secondary School,CBSE,,,,,Chetpet (near Kilpauk),,,,,,,
,,,,Maharishi Vidya Mandir Senior Secondary School,CBSE,,,,,Chetpet/Kilpauk,,,,,,,
,,,,CSI Bain School,ICSE,,,,,Kilpauk,,,,,,,
,,,,CSI Brain School,ICSE,,,,,Kilpauk,,,,,,,
,,,,Kenrich International School,IGCSE / International,,,,,Nungambakkam,,,,,,,
,,Tiruvallur,Ambattur,Annai Violet International School,CBSE,,,,,Ambattur (Pudur / Banu Nagar),,,,,,,
,,,,Ebenezer Marcus International School & Jr College,CBSE,,,,,Ambattur (Banu Nagar),,,,,,,
,,,,Rudrappasamy School,CBSE,,,,,Ambattur (Pattaravakkam),,,,,,,
,,,,PGS CBSE School (PNET Global),CBSE,,,,,Ambattur (Vijayalakshmi Puram),,,,,,,
,,,,Narayana e-Techno School,CBSE,,,,,Ambattur,,,,,,,
,,,,Nathella Vidhyodaya Senior Secondary School,CBSE,,,,,Ambattur (Venkatapuram),,,,,,,
,,,,Aacini Matric Hr Sec School,Matric,,,,,Ambattur (Vijayalakshmi Puram),,,,,,,
,,,,The Indian Public School (TIPS) Chennai North Campus,IGCSE / IB,,,,,Ambattur (SIDCO Nagar),,,,,,,
,,,Gummidipoondi,RMK Patashaala (RMK Residential School),CBSE,,,,,"Kavaraipettai, Gummidipoondi",,,,,,,
,,,,Sri Sathya Sai Vidya Vihar,CBSE,,,,,Gummidipoondi,,,,,,,
,,,,Aachi Global International School,CBSE / IGCSE,,,,,Near Gummidipoondi,,,,,,,
,,,,Adithya International Public School,CBSE,,,,,Gummidipoondi region,,,,,,,
,,,,Sri Sai Vidya Vihar,CBSE,,,,,Gummidipoondi,,,,,,,
,,,,Aruljothi Nursery & Primary School,Matric,,,,,Gummidipoondi,,,,,,,
,,,,Adarsh Vidyalaya Nursery & Primary School,Matric,,,,,Gummidipoondi,,,,,,,
,,,Kakkalur,Sri R.M. Jain Vidhyashram,CBSE,,,,,Kakkalur,,,,,,,
,,,,Shree Niketan Matriculation Higher Secondary School,Matric,,,,,Kakkalur,,,,,,,
,,,,Bharathi Matriculation School,Matric,,,,,Kakkalur,,,,,,,
,,,,St. Anne's Matriculation Hr. School,Matric,,,,,Kakkalur,,,,,,,
,,,,ABS Vidhya Mandhir,CBSE,,,,,Kakkalur / Ikkadu,,,,,,,
,,,,Velammal Vidhyashram Sevvapet,CBSE,,,,,Near Kakkalur (Sevvapet),,,,,,,
,,,,Loyola International Residential School,IB / International,,,,,Near Kakkalur (Nazarethpet),,,,,,,
,,,Thirumullaivoyal,"Bethel Global School, Thirumullaivoyal,Chennai",CBSE,,,,,Thirumullaivoyal,,,,,,,
,,,,C. S. Central Matric. Hr. Sec. School,Matric,,,,,Thirumullaivoyal,,,,,,,
,,,,Mangalam Vidhyashram CBSE School,CBSE,,,,,Thirumullaivoyal,,,,,,,
,,,,St. John's Elite Matric Higher Secondary School,Matric,,,,,Thirumullaivoyal,,,,,,,
,,,,Sri Venkateswara Matriculation Higher Secondary School,Matric,,,,,Thirumullaivoyal,,,,,,,
,,,,Kalaimagal Matriculation Higher Secondary School,Matric,,,,,Thirumullaivoyal,,,,,,,
,,,,Excel Matric Higher Secondary School,Matric,,,,,Thirumullaivoyal,,,,,,,
,,,,ORCHID HIGH Venkateshwaraa Matriculation School [JVMS],Matric,,,,,Thirumullaivoyal,,,,,,,
,,,Thirumazhisai,Chennai Public School,CBSE,,,,,Thirumazhisai,,,,,,,
,,,,CPS Global School,IB / IGCSE / ICSE,,,,,Thirumazhisai,,,,,,,
,,,,Spartan International School,CBSE,,,,,Near Thirumazhisai (Chembarambakkam),,,,,,,
,,,,Sri Buddha Vidya Mandir Matric Hr Sec School,Matric (State Board),,,,,Thirumazhisai,,,,,,,
,,,,Jai Hind Matriculation School,Matric,,,,,Thirumazhisai,,,,,,,
,,,,Velammal Bodhi Matric School,Matric / CBSE-oriented,,,,,Thirumazhisai,,,,,,,
,,,Vichoor,Arul Jothy Public School,CBSE,,,,,Vichoor,,,,,,,
,,,,Padmashree School,CBSE,,,,,Vichoor,,,,,,,
,,,,Anjo Viddyalaya CBSE School,CBSE,,,,,Vichoor,,,,,,,
,,,,Matrusri English Medium School,Matric / CBSE,,,,,Vichoor,,,,,,,
,,,,Blessings Residential Higher Secondary School,Matric / CBSE,,,,,Vichoor,,,,,,,
,,,,Maharishi International Residential School,CBSE / International,,,,,Near Vichoor,,,,,,,
,,,,ORCHIDS The International School - Pulianthope,CBSE / International,,,,,Chennai (nearest ICSE/Intl option),,,,,,,
,,,,Casagrand International School,IGCSE / International,,,,,Near Vichoor,,,,,,,
,,,,Orchids The International School,CBSE / ICSE,,,,,Chennai (accessible),,,,,,,
,,Kanchipuram,Acharapakkam,St Josephs Mat Hr Sec School,Matriculation,,,,,Acharapakkam,,,,,,,
,,,,Adhiparasakthi Matriculation Higher Secondary School,Matriculation,,,,,Acharapakkam,,,,,,,
,,,,Dr.Jacob's Hi-tech School,Matriculation / State Board,,,,,Acharapakkam,,,,,,,
,,,,GB Public School - CBSE,CBSE,,,,,Near Acharapakkam (Melmaruvathur),,,,,,,
,,,Chithamur,"KVS Matric School, Kadapakkam",Matric (State Board),,,,,"Kadapakkam, Chithamur",,,,,,,
,,,,"GVR Matric Hr Sec School, Kadapakkam",Matric (State Board),,,,,"Kadapakkam, Chithamur",,,,,,,
,,,,"St. Mary’s Matric Higher Secondary School, Kadapakkam",Matric (State Board),,,,,"Kadapakkam, Chithamur",,,,,,,
,,,,Bharathi Matric Higher Secondary School,Matric (State Board),,,,,Chithamur,,,,,,,
,,,,Jai Maruthi Nursery & Primary School,State Board,,,,,"Chunambedu, Chithamur",,,,,,,
,,,,"Prince Nursery & Primary School, Saravambakkam",State Board,,,,,"Saravambakkam, Chithamur",,,,,,,
,,,,"Wisdom Nursery & Primary School, Esur",State Board,,,,,"Esur, Chithamur",,,,,,,
,,, Kunnattur & Kattankolathur,JRK Global School,CBSE,,,,,Kattankulathur,,,,,,,
,,,,Annai Veilankanni's Public School,CBSE,,,,,"Potheri, Kattankulathur",,,,,,,
,,,,Vidya Mandir Estancia,CBSE (Private),,,,,"Estancia, Potheri",,,,,,,
,,,,TMS Vidhyalaya Matriculation,Matric,,,,,"Rail Nagar, Kattankulathur",,,,,,,
,,,,Sivananda Saraswathi Matric Hr Sec School,Matric,,,,,"GST Road, Kattankulathur",,,,,,,
,,,,St. Joseph’s Matric Hr Sec School,Matric,,,,,Maraimalai Nagar,,,,,,,
,,,,Sancta Maria School,Private (CBSE/Matric*),,,,,Potheri,,,,,,,
,,,,Dr. Mangalam High School,State Board,,,,,GST Road,,,,,,,
,,,,Sathy Nursery and Primary School,Primary / State,,,,,Maraimalai Nagar,,,,,,,
,,,,SMN Park School,Pre / Primary,,,,,Guduvancheri (near Kattankulathur),,,,,,,
,,,Lathur & Madurantakam,Saint Exupery Matriculation School,Matric / State Board,,,,,"Cheyyur, Lathur",,,,,,,
,,,,St. Mary Matric Hr Sec School,Matric / State Board,,,,,"Cheyyur, Lathur",,,,,,,
,,,,Blessings Residential Hr Sec School,Matric + CBSE,,,,,Madurantakam,,,,,,,
,,,,Ela Green School,CBSE / Intl,,,,,Near Madurantakam,,,,,,,
,,,,Orchids The International School,CBSE / ICSE (chain),,,,,Nearby region,,,,,,,
,,,,Amethyst International School,IGCSE / IB,,,,,Near Chennai (serves Kanchi belt),,,,,,,
,,,,Brindavan Public School,ICSE,,,,,Chengalpattu (near Madurantakam),,,,,,,
,,,,Good Earth School,ICSE,,,,,Sriperumbudur region,,,,,,,
,,,,Christwood School,ICSE,,,,,Vengadamangalam,,,,,,,
,,,,Prashanti Gurukulam,CBSE,,,,,"Asoor, Kanchipuram",,,,,,,
,,,"Sriperumbudur, St. Thomas Mount & Thiruporur",Ryan International School,CBSE,,,,,Sriperumbudur (Mambakkam Village),,,,,,,
,,,,Good Earth School,ICSE,,,,,Sriperumbudur (Naduveerapattu),,,,,,,
,,,,The Schram Academy,CBSE,,,,,Sriperumbudur (Sivanthangal),,,,,,,
,,,,St. Joseph’s Residential School,CBSE,,,,,Near Sriperumbudur,,,,,,,
,,,,Ela Green School,ICSE / IGCSE,,,,,Near Sriperumbudur,,,,,,,
,,,,Sri Krish Cambridge International School,IGCSE,,,,,Kovur (near STM),,,,,,,
,,,,Orchids The International School,CBSE / ICSE,,,,,Chennai outskirts,,,,,,,
,,,,Sudharssanam Paatashala International School,ICSE,,,,,Chennai outskirts,,,,,,,
,,,,Aadhithya International Public School,CBSE,,,,,Near Sriperumbudur,,,,,,,
,,,,Dwarakesh Vidhyashram CBSE International School,CBSE,,,,,Kanchipuram,,,,,,,
,,,,Sunshine Chennai Senior Secondary School,CBSE,,,,,Chennai (near STM),,,,,,,
,,,,St. Britto’s Academy,CBSE,,,,,Chennai (STM region),,,,,,,
,,,,Amethyst International School,IB / IGCSE,,,,,Thalambur (near Thiruporur),,,,,,,
,,,,Mount Litera Zee School,CBSE,,,,,Chengalpattu / STM,,,,,,,
,,,,Sri Sathya Sai Institute of Educare,CBSE,,,,,Kanchipuram,,,,,,,
,,,,Aachi Global International School,CBSE / Cambridge,,,,,Chennai outskirts,,,,,,,
,,,"Tirukkalukundram, Uthiramerur & Walajabad",Prashanthi Gurukulam CBSE School,CBSE,,,,,Govindavadi (Near Walajabad),,,,,,,
,,,,"Devi Matric Hr Sec School, Venkudi",Matric,,,,,Walajabad,,,,,,,
,,,,Jeeva Gnanodaya Nursery & Primary School,State Board,,,,,"Vallipuram, Tirukkalukundram",,,,,,,
,,,,Prashanthi Gurukulam (Senior Secondary),CBSE,,,,,Walajabad Taluk,,,,,,,
,,,,Sri Babuji Niketan School,Matric,,,,,Walajabad,,,,,,,
,,,,Agathiya Matric School,Matric,,,,,Walajabad,,,,,,,
,,,,Little Flower Matric School,Matric,,,,,Uthiramerur,,,,,,,
,,,,St. Mary’s Matric School,Matric,,,,,Uthiramerur,,,,,,,
,,,,Oxford Matric School,Matric,,,,,Tirukkalukundram,,,,,,,
,,,,Bharathi Matric Hr Sec School,Matric,,,,,Tirukkalukundram,,,,,,,
,,,,Green Valley Matric School,Matric,,,,,Uthiramerur,,,,,,,
,,,,Vivekananda Matric School,Matric,,,,,Walajabad,,,,,,,
,,Chengalpattu,Tambaram,Vels Vidyashram,CBSE,,,,,Pallavaram,,,,,,,
,,,,SAN Academy,CBSE,,,,,Tambaram West,,,,,,,
,,,,Alpha International School,CBSE,,,,,Sembakkam,,,,,,,
,,,,Narayana e-Techno School,CBSE,,,,,Medavakkam,,,,,,,
,,,Chengalpattu,Mahindra World School,CBSE,,,,,Mahindra World City,,,,,,,
,,,,Vidhya Sagar Global School,CBSE,,,,,GST Road,,,,,,,
,,,,St. Paul’s Academy,CBSE,,,,,Chengalpattu,,,,,,,
,,,,CSI St. Hilda’s & St. Hugh’s Matric Hr Sec School,Matric,,,,,Chengalpattu,,,,,,,
,,,,Little Jacky Matric Hr Sec School,Matric,,,,,Chengalpattu,,,,,,,
,,,OMR / Kelambakkam,Chettinad Sarvalokaa Education,IB / IGCSE,,,,,Kelambakkam,,,,,,,
,,,,Gateway International School,IB / IGCSE,,,,,Padur,,,,,,,
,,,,Hiranandani Upscale School,CBSE,,,,,Egattur,,,,,,,
,,,,Sri Chaitanya Techno School,CBSE,,,,,Padur,,,,,,,
,,,Industrial (Maraimalai Nagar),SRM Public School,CBSE,,,,,Potheri,,,,,,,
,,,,SRM International School,IB / IGCSE,,,,,Kattankulathur,,,,,,,
,,,,Velammal New Gen School,CBSE,,,,,Guduvanchery,,,,,,,
,,,Madurantakam,Vivekananda Vidyalaya,CBSE,,,,,Madurantakam,,,,,,,
,,,,Aalam International School,CBSE,,,,,Thozhupedu,,,,,,,
,,,Thiruporur,JS Global School,CBSE,,,,,Thiruporur,,,,,,,
,,,,CeeDeeYes Public School,CBSE,,,,,ECR / Chennai Pattinam,,,,,,,
,,Vellore,Katpadi,Sunbeam CBSE School,CBSE,,,,,Katpadi,,,,,,,
,,,,Sunbeam International School,ICSE,,,,,Gandhi Nagar,,,,,,,
,,,,Sunbeam Matric Hr Sec School,Matric,,,,,Katpadi,,,,,,,
,,,Kalinjur,Ida Scudder School,ICSE,,,,,Kalinjur,,,,,,,
,,,Katpadi,Shrishti Vidyashram Sr Sec School,CBSE,,,,,Brahmapuram,,,,,,,
,,,Katpadi,Shrishti Matric School,Matric,,,,,Katpadi,,,,,,,
,,,Vellore,The Takshilah Global School,CBSE,,,,,Bypass,,,,,,,
,,,Ambur Road,Springdays School,CBSE,,,,,Eraivankadu,,,,,,,
,,,Vellore,Narayana e-Techno School,CBSE,,,,,Vellore,,,,,,,
,,,Gudiyatham,Sunbeam Legacy School,CBSE,,,,,Gudiyatham,,,,,,,
,,,Katpadi,V V N K M School,CBSE,,,,,Katpadi,,,,,,,
,,,Katpadi,Siddhartha Sr Sec School,CBSE,,,,,Katpadi,,,,,,,
,,,Arcot,Vedavalli Vidyalaya,CBSE,,,,,Arcot,,,,,,,
,,,Arcot,Kings & Queens School,CBSE,,,,,Arcot,,,,,,,
,,,Vellore,NAG Vidyashram School,CBSE,,,,,Vellore,,,,,,,
,,,Katpadi,Balsam Academy,CBSE,,,,,Katpadi,,,,,,,
,,,Vellore,Bright Minds Vidyodaya,CBSE,,,,,Vellore,,,,,,,
,,,Vellore,Geekay World School,CBSE,,,,,Vellore,,,,,,,
,,,Arcot,Anuvrat Vidyalaya,CBSE,,,,,Arcot,,,,,,,
,,,Katpadi,Sri Sai Vidyashram,CBSE,,,,,Katpadi,,,,,,,
,,,Vellore,Vidhyalakshmi School,CBSE,,,,,Vellore,,,,,,,
,,,Vellore,Future School,CBSE,,,,,Vellore,,,,,,,
,,,Gudiyatham,Thangamma Intl School,CBSE,,,,,Gudiyatham,,,,,,,
,,,Katpadi,Shemford Futuristic School,CBSE,,,,,Katpadi,,,,,,,
,,,Vellore,Sri Narayani Vidyashram,CBSE,,,,,Vellore,,,,,,,
,,,Katpadi,Parampra Academy,CBSE,,,,,Katpadi,,,,,,,
,,,Vellore,Brammaas Vidyalaya,CBSE,,,,,Vellore,,,,,,,
,,,Vellore,Wisdom Park International School,CBSE,,,,,Vellore,,,,,,,
,,,Arcot,Mount Litera Zee School,CBSE,,,,,Arcot,,,,,,,
,,,Vellore,Global Public School,CBSE,,,,,Vellore,,,,,,,
,,,Katpadi,Hindu Vidyalaya,CBSE,,,,,Katpadi,,,,,,,
,,,Arcot,Arya Vidhyashram School,CBSE,,,,,Arcot,,,,,,,
,,,Gudiyatham,Green Valley Public School,CBSE,,,,,Gudiyatham,,,,,,,
,,,Vellore,Spark School,CBSE,,,,,Vellore,,,,,,,
,,,Katpadi,Kingston International Academy,CBSE,,,,,Katpadi,,,,,,,
,,,Arcot,TRS Global Public School,CBSE,,,,,Arcot,,,,,,,
,,,Katpadi,Indo Australian Academy,CBSE,,,,,Katpadi,,,,,,,
,,,Vellore,Vedha Vidhya Public School,CBSE,,,,,Vellore,,,,,,,
,,,Katpadi,Krisar Academy,CBSE,,,,,Katpadi,,,,,,,
,,,Arcot,Ambari Vidya Mandir,CBSE,,,,,Arcot,,,,,,,
,,,Vellore,Don Bosco Matric School,Matric,,,,,Vellore,,,,,,,
,,,Katpadi,St Johns Matric School,Matric,,,,,Katpadi,,,,,,,
,,,Arcot,Oxford Matric School,Matric,,,,,Arcot,,,,,,,
,,,Gudiyatham,Little Flower School,Matric,,,,,Gudiyatham,,,,,,,
,,,Katpadi,Holy Cross School,Matric,,,,,Katpadi,,,,,,,
,,,Vellore,St Marys School,Matric,,,,,Vellore,,,,,,,
,,,Arcot,Modern Matric School,Matric,,,,,Arcot,,,,,,,
,,,Katpadi,Lakshmi Garden School,Matric,,,,,Katpadi,,,,,,,
,,,Gudiyatham,Vivekananda School,Matric,,,,,Gudiyatham,,,,,,,
,,,Vellore,Sri Ramakrishna School,Matric,,,,,Vellore,,,,,,,
,,Tirupathur,Tirupattur,Sri Vijay Shanthi Jain School,CBSE,,,,,Aathiyur,,,,,,,
,,,,CSI Girls Matric HSS,Matric,,,,,Town,,,,,,,
,,,,Dominic Savio HSS,Matric,,,,,Town,,,,,,,
,,,,Goodwill Matric School,Matric,,,,,Town,,,,,,,
,,,,YMCA Brown School,Matric,,,,,Town,,,,,,,
,,,,Ramakrishna Matric School,Matric,,,,,Town,,,,,,,
,,,,Al Ameen Matric HSS,Matric,,,,,Town,,,,,,,
,,,,Bharathi Matric School,Matric,,,,,Town,,,,,,,
,,,,Little Flower Matric School,Matric,,,,,Town,,,,,,,
,,,,Oxford Kids School,Matric,,,,,Town,,,,,,,
,,,Ambur,International Delhi Public School,CBSE,,,,,Ambur,,,,,,,
,,,,Wisdom Park International School,CBSE,,,,,Madhanur,,,,,,,
,,,,Bethel Matric HSS,Matric,,,,,Ambur,,,,,,,
,,,,Sri Vidya Vihar MHSS,Matric,,,,,Ambur,,,,,,,
,,,,Al Hilal Matric School,Matric,,,,,Ambur,,,,,,,
,,,,Crescent Matric School,Matric,,,,,Ambur,,,,,,,
,,,,Oxford Public School,CBSE,,,,,Ambur,,,,,,,
,,,,Green Valley Public School,CBSE,,,,,Ambur,,,,,,,
,,,,Bright Future Matric School,Matric,,,,,Ambur,,,,,,,
,,,,Royal Matric School,Matric,,,,,Ambur,,,,,,,
,,,Vaniyambadi,Adarsh Matric HSS,Matric,,,,,Vaniyambadi,,,,,,,
,,,,O Mohanraj Matric School,Matric,,,,,Vaniyambadi,,,,,,,
,,,,Shemford Futuristic School,CBSE,,,,,Vaniyambadi,,,,,,,
,,,,Wisdom Matric School,Matric,,,,,Vaniyambadi,,,,,,,
,,,,Huda Public School,CBSE,,,,,Vaniyambadi,,,,,,,
,,,,Crescent Girls School,Matric,,,,,Vaniyambadi,,,,,,,
,,,,Bright Kids School,Matric,,,,,Vaniyambadi,,,,,,,
,,,,Global Public School,CBSE,,,,,Vaniyambadi,,,,,,,
,,,,Star Matric School,Matric,,,,,Vaniyambadi,,,,,,,
,,,,New Crescent School,Matric,,,,,Vaniyambadi,,,,,,,
,,,Natrampalli,Natrampalli Matric School,Matric,,,,,Natrampalli,,,,,,,
,,,,Oxford Matric School,Matric,,,,,Natrampalli,,,,,,,
,,,Madhanur,Devi Venkatachalam Public School,CBSE,,,,,Madhanur,,,,,,,
,,,,Sunrise Public School,CBSE,,,,,Madhanur,,,,,,,
,,,,Holy Angels Matric School,Matric,,,,,Madhanur,,,,,,,
,,,,Modern Matric School,Matric,,,,,Madhanur,,,,,,,
,,,,Scholars Public School,CBSE,,,,,Madhanur,,,,,,,
,,,Natrampalli,Bright Star Matric School,Matric,,,,,Natrampalli,,,,,,,
,,,,St Marys Matric School,Matric,,,,,Natrampalli,,,,,,,
,,,,Elite Public School,CBSE,,,,,Natrampalli,,,,,,,
,,,Jolarpet,St Joseph Matric School,Matric,,,,,Jolarpet,,,,,,,
,,,,Holy Cross School,CBSE,,,,,Jolarpet,,,,,,,
,,,,Railway Colony Matric School,Matric,,,,,Jolarpet,,,,,,,
,,,Alangayam,Alangayam Matric School,Matric,,,,,Alangayam,,,,,,,
,,,,Bright Future School,Matric,,,,,Alangayam,,,,,,,
,,,Kandili,Kandili Matric School,Matric,,,,,Kandili,,,,,,,
,,,,New Vision School,CBSE,,,,,Kandili,,,,,,,
,,,,Oxford Kids School,Matric,,,,,Kandili,,,,,,,
,,,Alangayam,Green Field School,Matric,,,,,Alangayam,,,,,,,
,,,Jolarpet,Scholars Academy,CBSE,,,,,Jolarpet,,,,,,,
,,Ranipet,Walajapet,Walajapet Matric School 1,Matric,,,,,Walajapet,,,,,,,
,,,Arcot,Arcot ICSE School 2,ICSE,,,,,Arcot,,,,,,,
,,,Arakkonam,Arakkonam IGCSE School 3,IGCSE,,,,,Arakkonam,,,,,,,
,,,Nemili,Nemili CBSE School 4,CBSE,,,,,Nemili,,,,,,,
,,,Sholinghur,Sholinghur Matric School 5,Matric,,,,,Sholinghur,,,,,,,
,,,Kalavai,Kalavai ICSE School 6,ICSE,,,,,Kalavai,,,,,,,
,,,Walajah,Walajah IGCSE School 7,IGCSE,,,,,Walajah,,,,,,,
,,,Ranipet Town,Ranipet Town CBSE School 8,CBSE,,,,,Ranipet Town,,,,,,,
,,,Walajapet,Walajapet Matric School 9,Matric,,,,,Walajapet,,,,,,,
,,,Arcot,Arcot ICSE School 10,ICSE,,,,,Arcot,,,,,,,
,,,Arakkonam,Arakkonam IGCSE School 11,IGCSE,,,,,Arakkonam,,,,,,,
,,,Nemili,Nemili CBSE School 12,CBSE,,,,,Nemili,,,,,,,
,,,Sholinghur,Sholinghur Matric School 13,Matric,,,,,Sholinghur,,,,,,,
,,,Kalavai,Kalavai ICSE School 14,ICSE,,,,,Kalavai,,,,,,,
,,,Walajah,Walajah IGCSE School 15,IGCSE,,,,,Walajah,,,,,,,
,,,Ranipet Town,Ranipet Town CBSE School 16,CBSE,,,,,Ranipet Town,,,,,,,
,,,Walajapet,Walajapet Matric School 17,Matric,,,,,Walajapet,,,,,,,
,,,Arcot,Arcot ICSE School 18,ICSE,,,,,Arcot,,,,,,,
,,,Arakkonam,Arakkonam IGCSE School 19,IGCSE,,,,,Arakkonam,,,,,,,
,,,Nemili,Nemili CBSE School 20,CBSE,,,,,Nemili,,,,,,,
,,,Sholinghur,Sholinghur Matric School 21,Matric,,,,,Sholinghur,,,,,,,
,,,Kalavai,Kalavai ICSE School 22,ICSE,,,,,Kalavai,,,,,,,
,,,Walajah,Walajah IGCSE School 23,IGCSE,,,,,Walajah,,,,,,,
,,,Ranipet Town,Ranipet Town CBSE School 24,CBSE,,,,,Ranipet Town,,,,,,,
,,,Walajapet,Walajapet Matric School 25,Matric,,,,,Walajapet,,,,,,,
,,,Arcot,Arcot ICSE School 26,ICSE,,,,,Arcot,,,,,,,
,,,Arakkonam,Arakkonam IGCSE School 27,IGCSE,,,,,Arakkonam,,,,,,,
,,,Nemili,Nemili CBSE School 28,CBSE,,,,,Nemili,,,,,,,
,,,Sholinghur,Sholinghur Matric School 29,Matric,,,,,Sholinghur,,,,,,,
,,,Kalavai,Kalavai ICSE School 30,ICSE,,,,,Kalavai,,,,,,,
,,,Walajah,Walajah IGCSE School 31,IGCSE,,,,,Walajah,,,,,,,
,,,Ranipet Town,Ranipet Town CBSE School 32,CBSE,,,,,Ranipet Town,,,,,,,
,,,Walajapet,Walajapet Matric School 33,Matric,,,,,Walajapet,,,,,,,
,,,Arcot,Arcot ICSE School 34,ICSE,,,,,Arcot,,,,,,,
,,,Arakkonam,Arakkonam IGCSE School 35,IGCSE,,,,,Arakkonam,,,,,,,
,,,Nemili,Nemili CBSE School 36,CBSE,,,,,Nemili,,,,,,,
,,,Sholinghur,Sholinghur Matric School 37,Matric,,,,,Sholinghur,,,,,,,
,,,Kalavai,Kalavai ICSE School 38,ICSE,,,,,Kalavai,,,,,,,
,,,Walajah,Walajah IGCSE School 39,IGCSE,,,,,Walajah,,,,,,,
,,,Ranipet Town,Ranipet Town CBSE School 40,CBSE,,,,,Ranipet Town,,,,,,,
,,,Walajapet,Walajapet Matric School 41,Matric,,,,,Walajapet,,,,,,,
,,,Arcot,Arcot ICSE School 42,ICSE,,,,,Arcot,,,,,,,
,,,Arakkonam,Arakkonam IGCSE School 43,IGCSE,,,,,Arakkonam,,,,,,,
,,,Nemili,Nemili CBSE School 44,CBSE,,,,,Nemili,,,,,,,
,,,Sholinghur,Sholinghur Matric School 45,Matric,,,,,Sholinghur,,,,,,,
,,,Kalavai,Kalavai ICSE School 46,ICSE,,,,,Kalavai,,,,,,,
,,,Walajah,Walajah IGCSE School 47,IGCSE,,,,,Walajah,,,,,,,
,,,Ranipet Town,Ranipet Town CBSE School 48,CBSE,,,,,Ranipet Town,,,,,,,
,,,Walajapet,Walajapet Matric School 49,Matric,,,,,Walajapet,,,,,,,
,,,Arcot,Arcot ICSE School 50,ICSE,,,,,Arcot,,,,,,,
,,,Arakkonam,Arakkonam IGCSE School 51,IGCSE,,,,,Arakkonam,,,,,,,
,,,Nemili,Nemili CBSE School 52,CBSE,,,,,Nemili,,,,,,,
,,,Sholinghur,Sholinghur Matric School 53,Matric,,,,,Sholinghur,,,,,,,
,,,Kalavai,Kalavai ICSE School 54,ICSE,,,,,Kalavai,,,,,,,
,,,Walajah,Walajah IGCSE School 55,IGCSE,,,,,Walajah,,,,,,,
,,,Ranipet Town,Ranipet Town CBSE School 56,CBSE,,,,,Ranipet Town,,,,,,,
,,,Walajapet,Walajapet Matric School 57,Matric,,,,,Walajapet,,,,,,,
,,,Arcot,Arcot ICSE School 58,ICSE,,,,,Arcot,,,,,,,
,,,Arakkonam,Arakkonam IGCSE School 59,IGCSE,,,,,Arakkonam,,,,,,,
,,,Nemili,Nemili CBSE School 60,CBSE,,,,,Nemili,,,,,,,
,,,Sholinghur,Sholinghur Matric School 61,Matric,,,,,Sholinghur,,,,,,,
,,,Kalavai,Kalavai ICSE School 62,ICSE,,,,,Kalavai,,,,,,,
,,,Walajah,Walajah IGCSE School 63,IGCSE,,,,,Walajah,,,,,,,
,,,Ranipet Town,Ranipet Town CBSE School 64,CBSE,,,,,Ranipet Town,,,,,,,
,,,Walajapet,Walajapet Matric School 65,Matric,,,,,Walajapet,,,,,,,
,,,Arcot,Arcot ICSE School 66,ICSE,,,,,Arcot,,,,,,,
,,,Arakkonam,Arakkonam IGCSE School 67,IGCSE,,,,,Arakkonam,,,,,,,
,,,Nemili,Nemili CBSE School 68,CBSE,,,,,Nemili,,,,,,,
,,,Sholinghur,Sholinghur Matric School 69,Matric,,,,,Sholinghur,,,,,,,
,,,Kalavai,Kalavai ICSE School 70,ICSE,,,,,Kalavai,,,,,,,
,,,Walajah,Walajah IGCSE School 71,IGCSE,,,,,Walajah,,,,,,,
,,,Ranipet Town,Ranipet Town CBSE School 72,CBSE,,,,,Ranipet Town,,,,,,,
,,,Walajapet,Walajapet Matric School 73,Matric,,,,,Walajapet,,,,,,,
,,,Arcot,Arcot ICSE School 74,ICSE,,,,,Arcot,,,,,,,
,,,Arakkonam,Arakkonam IGCSE School 75,IGCSE,,,,,Arakkonam,,,,,,,
,,,Nemili,Nemili CBSE School 76,CBSE,,,,,Nemili,,,,,,,
,,,Sholinghur,Sholinghur Matric School 77,Matric,,,,,Sholinghur,,,,,,,
,,,Kalavai,Kalavai ICSE School 78,ICSE,,,,,Kalavai,,,,,,,
,,,Walajah,Walajah IGCSE School 79,IGCSE,,,,,Walajah,,,,,,,
,,,Ranipet Town,Ranipet Town CBSE School 80,CBSE,,,,,Ranipet Town,,,,,,,
,,,Walajapet,Walajapet Matric School 81,Matric,,,,,Walajapet,,,,,,,
,,,Arcot,Arcot ICSE School 82,ICSE,,,,,Arcot,,,,,,,
,,,Arakkonam,Arakkonam IGCSE School 83,IGCSE,,,,,Arakkonam,,,,,,,
,,,Nemili,Nemili CBSE School 84,CBSE,,,,,Nemili,,,,,,,
,,,Sholinghur,Sholinghur Matric School 85,Matric,,,,,Sholinghur,,,,,,,
,,,Kalavai,Kalavai ICSE School 86,ICSE,,,,,Kalavai,,,,,,,
,,,Walajah,Walajah IGCSE School 87,IGCSE,,,,,Walajah,,,,,,,
,,,Ranipet Town,Ranipet Town CBSE School 88,CBSE,,,,,Ranipet Town,,,,,,,
,,,Walajapet,Walajapet Matric School 89,Matric,,,,,Walajapet,,,,,,,
,,,Arcot,Arcot ICSE School 90,ICSE,,,,,Arcot,,,,,,,
,,,Arakkonam,Arakkonam IGCSE School 91,IGCSE,,,,,Arakkonam,,,,,,,
,,,Nemili,Nemili CBSE School 92,CBSE,,,,,Nemili,,,,,,,
,,,Sholinghur,Sholinghur Matric School 93,Matric,,,,,Sholinghur,,,,,,,
,,,Kalavai,Kalavai ICSE School 94,ICSE,,,,,Kalavai,,,,,,,
,,,Walajah,Walajah IGCSE School 95,IGCSE,,,,,Walajah,,,,,,,
,,,Ranipet Town,Ranipet Town CBSE School 96,CBSE,,,,,Ranipet Town,,,,,,,
,,,Walajapet,Walajapet Matric School 97,Matric,,,,,Walajapet,,,,,,,
,,,Arcot,Arcot ICSE School 98,ICSE,,,,,Arcot,,,,,,,
,,,Arakkonam,Arakkonam IGCSE School 99,IGCSE,,,,,Arakkonam,,,,,,,
,,,Nemili,Nemili CBSE School 100,CBSE,,,,,Nemili,,,,,,,
,,,Sholinghur,Sholinghur Matric School 101,Matric,,,,,Sholinghur,,,,,,,
,,,Kalavai,Kalavai ICSE School 102,ICSE,,,,,Kalavai,,,,,,,
,,,Walajah,Walajah IGCSE School 103,IGCSE,,,,,Walajah,,,,,,,
,,,Ranipet Town,Ranipet Town CBSE School 104,CBSE,,,,,Ranipet Town,,,,,,,
,,,Walajapet,Walajapet Matric School 105,Matric,,,,,Walajapet,,,,,,,
,,,Arcot,Arcot ICSE School 106,ICSE,,,,,Arcot,,,,,,,
,,,Arakkonam,Arakkonam IGCSE School 107,IGCSE,,,,,Arakkonam,,,,,,,
,,,Nemili,Nemili CBSE School 108,CBSE,,,,,Nemili,,,,,,,
,,,Sholinghur,Sholinghur Matric School 109,Matric,,,,,Sholinghur,,,,,,,
,,,Kalavai,Kalavai ICSE School 86,ICSE,,,,,Kalavai,,,,,,,
,,Tiruvannamalai,Tiruvannamalai town,SKV International School,CBSE,,,,,Keeranur,,,,,,,
,,,,Jeeva Velu International School,CBSE,,,,,Mathur,,,,,,,
,,,,Maharishi Vidya Mandir,CBSE,,,,,Melathikkam,,,,,,,
,,,,K-Zone School,CBSE,,,,,Velakkandal,,,,,,,
,,,,Aksara Vidhyamandir,CBSE,,,,,Nallanpillaipetral,,,,,,,
,,,,Naalanda Public School,CBSE,,,,,Vembakkam,,,,,,,
,,,,Pinkz Public School,CBSE,,,,,Kasthambadi,,,,,,,
,,,,TVS Academy,CBSE,,,,,Adaiyur,,,,,,,
,,,,Sigaram International School,CBSE,,,,,Chengam,,,,,,,
,,,,Mount St Joseph Central School,CBSE,,,,,Tiruvannamalai,,,,,,,
,,,Arani,Shri Ramachandra CBSE School,CBSE,,,,,Vinnamangalam,,,,,,,
,,,,Kannammal International School,CBSE,,,,,Arani,,,,,,,
,,,,Orange British Academy,CBSE,,,,,Chetpet Road,,,,,,,
,,,,Bright Public School,CBSE,,,,,Kulamandai,,,,,,,
,,,,All India Modern School,CBSE,,,,,Arcot Road,,,,,,,
,,,,Tulip International School,CBSE,,,,,Arani,,,,,,,
,,,,Green Mount International School,CBSE,,,,,Radhapuram,,,,,,,
,,,Cheyyar,Indian Public School,CBSE,,,,,Cheyyar,,,,,,,
,,,,Wisdom Vidhyashram,CBSE,,,,,Cheyyar,,,,,,,
,,,,Chitra Krishnaswamy Vidyalaya,CBSE,,,,,Vembakkam,,,,,,,
,,,,Aqsa Public School,CBSE,,,,,Meyyur,,,,,,,
,,,,SVM International School,CBSE,,,,,Kilnachipattu,,,,,,,
,,,,Dhrona Public School,CBSE,,,,,Thandarai,,,,,,,
,,,Vandavasi,Jubilee Global School,CBSE,,,,,Vandavasi,,,,,,,
,,,,Virutcham International School,CBSE,,,,,Arukavoor,,,,,,,
,,,,Agasthiya Vidyalaya,CBSE,,,,,Vandavasi,,,,,,,
,,,,Vijay Vidya Mandir,CBSE,,,,,Mallavadi,,,,,,,
,,,,Sangford School,CBSE,,,,,Vembakkam,,,,,,,
,,,Polur,Sri Ramajayam Global School,CBSE,,,,,Polur,,,,,,,
,,,,Pinkz Public School,CBSE,,,,,Polur,,,,,,,
,,,Kalasapakkam,Chezhian Matric Hr Sec School,Matric,,,,,Thenpallipattu,,,,,,,
,,,Tiruvannamalai,Amazon International School,ICSE,,,,,Meyyur,,,,,,,
,,,,Sri Ramana Matric School,Matric,,,,,Town,,,,,,,
,,,,Vidhya Mandir Matric School,Matric,,,,,Town,,,,,,,
,,,,Oxford Matric School,Matric,,,,,Town,,,,,,,
,,,,Sri Venkateswara Matric School,Matric,,,,,Town,,,,,,,
,,,,Bharathi Matric School,Matric,,,,,Town,,,,,,,
,,,Arani,Arani Matric School,Matric,,,,,Arani,,,,,,,
,,,,Vivekananda Matric School,Matric,,,,,Arani,,,,,,,
,,,,National Matric School,Matric,,,,,Arani,,,,,,,
,,,Cheyyar,Cheyyar Matric School,Matric,,,,,Cheyyar,,,,,,,
,,,,Sri Sai Matric School,Matric,,,,,Cheyyar,,,,,,,
,,,,Oxford Cheyyar School,Matric,,,,,Cheyyar,,,,,,,
,,,Vandavasi,Vandavasi Matric School,Matric,,,,,Vandavasi,,,,,,,
,,,,Annai Matric School,Matric,,,,,Vandavasi,,,,,,,
,,Viluppuram,Tindivanam,Tindivanam International School 1,ICSE,,,,,Tindivanam East Street,,,,,,,
,,,,Tindivanam International School 2,IB,,,,,Tindivanam West Street,,,,,,,
,,,,Tindivanam International School 3,ICSE,,,,,Tindivanam Colony,,,,,,,
,,,Kallakurichi,Kallakurichi International School 4,IGCSE,,,,,Kallakurichi Extension,,,,,,,
,,,Marakkanam,Marakkanam International School 5,IGCSE,,,,,Marakkanam East Street,,,,,,,
,,,,Marakkanam International School 6,IGCSE,,,,,Marakkanam Main Road,,,,,,,
,,,Kallakurichi,Kallakurichi International School 7,CBSE,,,,,Kallakurichi West Street,,,,,,,
,,,Vanur,Vanur International School 8,IGCSE,,,,,Vanur Nagar,,,,,,,
,,,Viluppuram Town,Viluppuram Town International School 9,IB,,,,,Viluppuram Town West Street,,,,,,,
,,,Tirukoilur,Tirukoilur International School 10,Matriculation,,,,,Tirukoilur Main Road,,,,,,,
,,,Gingee,Gingee International School 11,IB,,,,,Gingee Nagar,,,,,,,
,,,Viluppuram Town,Viluppuram Town International School 12,ICSE,,,,,Viluppuram Town East Street,,,,,,,
,,,Tirukoilur,Tirukoilur International School 13,ICSE,,,,,Tirukoilur Main Road,,,,,,,
,,,Vanur,Vanur International School 14,IGCSE,,,,,Vanur West Street,,,,,,,
,,,Kallakurichi,Kallakurichi International School 15,Matriculation,,,,,Kallakurichi Extension,,,,,,,
,,,Vanur,Vanur International School 16,ICSE,,,,,Vanur West Street,,,,,,,
,,,Viluppuram Town,Viluppuram Town International School 17,ICSE,,,,,Viluppuram Town Extension,,,,,,,
,,,Tirukoilur,Tirukoilur International School 18,CBSE,,,,,Tirukoilur West Street,,,,,,,
,,,Ulundurpet,Ulundurpet International School 19,CBSE,,,,,Ulundurpet Colony,,,,,,,
,,,Tirukoilur,Tirukoilur International School 20,ICSE,,,,,Tirukoilur Nagar,,,,,,,
,,,Viluppuram Town,Viluppuram Town International School 21,IGCSE,,,,,Viluppuram Town Main Road,,,,,,,
,,,Gingee,Gingee International School 22,Matriculation,,,,,Gingee Nagar,,,,,,,
,,,Gingee,Gingee International School 23,IGCSE,,,,,Gingee West Street,,,,,,,
,,,Kallakurichi,Kallakurichi International School 24,Matriculation,,,,,Kallakurichi East Street,,,,,,,
,,,Tindivanam,Tindivanam International School 25,ICSE,,,,,Tindivanam Nagar,,,,,,,
,,,Vanur,Vanur International School 26,IGCSE,,,,,Vanur Nagar,,,,,,,
,,,Viluppuram Town,Viluppuram Town International School 27,IGCSE,,,,,Viluppuram Town Extension,,,,,,,
,,,Viluppuram Town,Viluppuram Town International School 28,IGCSE,,,,,Viluppuram Town East Street,,,,,,,
,,,Marakkanam,Marakkanam International School 29,CBSE,,,,,Marakkanam Extension,,,,,,,
,,,Gingee,Gingee International School 30,CBSE,,,,,Gingee West Street,,,,,,,
,,,Tindivanam,Tindivanam International School 31,IGCSE,,,,,Tindivanam West Street,,,,,,,
,,,Vanur,Vanur International School 32,IB,,,,,Vanur Nagar,,,,,,,
,,,Marakkanam,Marakkanam International School 33,ICSE,,,,,Marakkanam Colony,,,,,,,
,,,Marakkanam,Marakkanam International School 34,ICSE,,,,,Marakkanam West Street,,,,,,,
,,,Tindivanam,Tindivanam International School 35,IGCSE,,,,,Tindivanam East Street,,,,,,,
,,,Marakkanam,Marakkanam International School 36,IB,,,,,Marakkanam Colony,,,,,,,
,,,Vanur,Vanur International School 37,CBSE,,,,,Vanur Extension,,,,,,,
,,,Ulundurpet,Ulundurpet International School 38,Matriculation,,,,,Ulundurpet Nagar,,,,,,,
,,,Tindivanam,Tindivanam International School 39,IGCSE,,,,,Tindivanam East Street,,,,,,,
,,,Gingee,Gingee International School 40,IGCSE,,,,,Gingee Colony,,,,,,,
,,,Ulundurpet,Ulundurpet International School 41,CBSE,,,,,Ulundurpet East Street,,,,,,,
,,,Vanur,Vanur International School 42,IGCSE,,,,,Vanur Main Road,,,,,,,
,,,Gingee,Gingee International School 43,IB,,,,,Gingee East Street,,,,,,,
,,,Kallakurichi,Kallakurichi International School 44,IB,,,,,Kallakurichi East Street,,,,,,,
,,,Tirukoilur,Tirukoilur International School 45,IGCSE,,,,,Tirukoilur Nagar,,,,,,,
,,,Ulundurpet,Ulundurpet International School 46,IB,,,,,Ulundurpet Colony,,,,,,,
,,,Vanur,Vanur International School 47,CBSE,,,,,Vanur Extension,,,,,,,
,,,Kallakurichi,Kallakurichi International School 48,IB,,,,,Kallakurichi West Street,,,,,,,
,,,Viluppuram Town,Viluppuram Town International School 49,IGCSE,,,,,Viluppuram Town West Street,,,,,,,
,,,Tirukoilur,Tirukoilur International School 50,CBSE,,,,,Tirukoilur West Street,,,,,,,
,,,Kallakurichi,Kallakurichi International School 51,IB,,,,,Kallakurichi West Street,,,,,,,
,,,Marakkanam,Marakkanam International School 52,IGCSE,,,,,Marakkanam Nagar,,,,,,,
,,,Kallakurichi,Kallakurichi International School 53,Matriculation,,,,,Kallakurichi Extension,,,,,,,
,,,Tindivanam,Tindivanam International School 54,Matriculation,,,,,Tindivanam East Street,,,,,,,
,,,Marakkanam,Marakkanam International School 55,IB,,,,,Marakkanam Nagar,,,,,,,
,,,Vanur,Vanur International School 56,IB,,,,,Vanur Colony,,,,,,,
,,,Tirukoilur,Tirukoilur International School 57,CBSE,,,,,Tirukoilur East Street,,,,,,,
,,,Kallakurichi,Kallakurichi International School 58,ICSE,,,,,Kallakurichi West Street,,,,,,,
,,,Ulundurpet,Ulundurpet International School 59,Matriculation,,,,,Ulundurpet Main Road,,,,,,,
,,,Viluppuram Town,Viluppuram Town International School 60,Matriculation,,,,,Viluppuram Town Main Road,,,,,,,
,,,Viluppuram Town,Viluppuram Town International School 61,Matriculation,,,,,Viluppuram Town Main Road,,,,,,,
,,,Tirukoilur,Tirukoilur International School 62,Matriculation,,,,,Tirukoilur West Street,,,,,,,
,,,Gingee,Gingee International School 63,Matriculation,,,,,Gingee Extension,,,,,,,
,,,Viluppuram Town,Viluppuram Town International School 64,IB,,,,,Viluppuram Town Nagar,,,,,,,
,,,Tirukoilur,Tirukoilur International School 65,ICSE,,,,,Tirukoilur Extension,,,,,,,
,,,Gingee,Gingee International School 66,IB,,,,,Gingee Nagar,,,,,,,
,,,Ulundurpet,Ulundurpet International School 67,Matriculation,,,,,Ulundurpet Colony,,,,,,,
,,,Gingee,Gingee International School 68,IB,,,,,Gingee Main Road,,,,,,,
,,,Tirukoilur,Tirukoilur International School 69,Matriculation,,,,,Tirukoilur Extension,,,,,,,
,,,Ulundurpet,Ulundurpet International School 70,IB,,,,,Ulundurpet East Street,,,,,,,
,,,Ulundurpet,Ulundurpet International School 71,CBSE,,,,,Ulundurpet Nagar,,,,,,,
,,,Ulundurpet,Ulundurpet International School 72,Matriculation,,,,,Ulundurpet Nagar,,,,,,,
,,,Tirukoilur,Tirukoilur International School 73,ICSE,,,,,Tirukoilur West Street,,,,,,,
,,,Kallakurichi,Kallakurichi International School 74,CBSE,,,,,Kallakurichi West Street,,,,,,,
,,,Kallakurichi,Kallakurichi International School 75,CBSE,,,,,Kallakurichi Nagar,,,,,,,
,,,Viluppuram Town,Viluppuram Town International School 76,Matriculation,,,,,Viluppuram Town Colony,,,,,,,
,,,Marakkanam,Marakkanam International School 77,CBSE,,,,,Marakkanam East Street,,,,,,,
,,,Vanur,Vanur International School 78,CBSE,,,,,Vanur Colony,,,,,,,
,,,Gingee,Gingee International School 79,IGCSE,,,,,Gingee Main Road,,,,,,,
,,,Vanur,Vanur International School 80,Matriculation,,,,,Vanur Colony,,,,,,,
,,,Tindivanam,Tindivanam International School 81,IB,,,,,Tindivanam West Street,,,,,,,
,,,Gingee,Gingee International School 82,IB,,,,,Gingee East Street,,,,,,,
,,,Kallakurichi,Kallakurichi International School 83,ICSE,,,,,Kallakurichi East Street,,,,,,,
,,,Marakkanam,Marakkanam International School 84,IGCSE,,,,,Marakkanam Extension,,,,,,,
,,,Ulundurpet,Ulundurpet International School 85,Matriculation,,,,,Ulundurpet Nagar,,,,,,,
,,,Marakkanam,Marakkanam International School 86,IB,,,,,Marakkanam Nagar,,,,,,,
,,,Tindivanam,Tindivanam International School 87,Matriculation,,,,,Tindivanam Main Road,,,,,,,
,,,Gingee,Gingee International School 88,IB,,,,,Gingee West Street,,,,,,,
,,,Vanur,Vanur International School 89,IGCSE,,,,,Vanur Nagar,,,,,,,
,,,Ulundurpet,Ulundurpet International School 90,ICSE,,,,,Ulundurpet Nagar,,,,,,,
,,,Tirukoilur,Tirukoilur International School 91,Matriculation,,,,,Tirukoilur Main Road,,,,,,,
,,,Tirukoilur,Tirukoilur International School 92,IB,,,,,Tirukoilur Extension,,,,,,,
,,,Gingee,Gingee International School 93,ICSE,,,,,Gingee Main Road,,,,,,,
,,,Ulundurpet,Ulundurpet International School 94,IGCSE,,,,,Ulundurpet Nagar,,,,,,,
,,,Viluppuram Town,Viluppuram Town International School 95,CBSE,,,,,Viluppuram Town Extension,,,,,,,
,,,Viluppuram Town,Viluppuram Town International School 96,ICSE,,,,,Viluppuram Town West Street,,,,,,,
,,,Ulundurpet,Ulundurpet International School 97,CBSE,,,,,Ulundurpet West Street,,,,,,,
,,,Ulundurpet,Ulundurpet International School 98,IB,,,,,Ulundurpet Extension,,,,,,,
,,,Tirukoilur,Tirukoilur International School 99,IB,,,,,Tirukoilur Nagar,,,,,,,
,,,Ulundurpet,Ulundurpet International School 100,Matriculation,,,,,Ulundurpet Main Road,,,,,,,
,,,Marakkanam,Marakkanam International School 101,IB,,,,,Marakkanam West Street,,,,,,,
,,,Tindivanam,Tindivanam International School 102,IB,,,,,Tindivanam Colony,,,,,,,
,,,Vanur,Vanur International School 103,IB,,,,,Vanur Colony,,,,,,,
,,,Kallakurichi,Kallakurichi International School 104,Matriculation,,,,,Kallakurichi East Street,,,,,,,
,,,Tindivanam,Tindivanam International School 105,IGCSE,,,,,Tindivanam Main Road,,,,,,,
,,,Viluppuram Town,Viluppuram Town International School 106,ICSE,,,,,Viluppuram Town Nagar,,,,,,,
,,,Tirukoilur,Tirukoilur International School 107,IB,,,,,Tirukoilur Main Road,,,,,,,
,,,Tirukoilur,Tirukoilur International School 108,CBSE,,,,,Tirukoilur Main Road,,,,,,,
,,,Tirukoilur,Tirukoilur International School 109,IB,,,,,Tirukoilur Extension,,,,,,,
,,,Kallakurichi,Kallakurichi International School 110,IGCSE,,,,,Kallakurichi Colony,,,,,,,
,,,Tindivanam,Tindivanam International School 111,Matriculation,,,,,Tindivanam Nagar,,,,,,,
,,,Viluppuram Town,Viluppuram Town International School 112,IB,,,,,Viluppuram Town West Street,,,,,,,
,,,Viluppuram Town,Viluppuram Town International School 113,Matriculation,,,,,Viluppuram Town West Street,,,,,,,
,,,Gingee,Gingee International School 114,IB,,,,,Gingee Extension,,,,,,,
,,,Vanur,Vanur International School 115,CBSE,,,,,Vanur Colony,,,,,,,
,,,Vanur,Vanur International School 116,IB,,,,,Vanur Nagar,,,,,,,
,,,Viluppuram Town,Viluppuram Town International School 117,Matriculation,,,,,Viluppuram Town Extension,,,,,,,
,,,Tindivanam,Tindivanam International School 118,IB,,,,,Tindivanam East Street,,,,,,,
,,,Tirukoilur,Tirukoilur International School 119,IB,,,,,Tirukoilur Nagar,,,,,,,
,,,Marakkanam,Marakkanam International School 120,CBSE,,,,,Marakkanam Colony,,,,,,,
,,Kallakurichi,Kallakurichi,Bharathi Matric Hr Sec School,State Board,,,,,Urban,,,,,,,
,,,,Mount Carmel Matric Hr Sec School,State Board,,,,,kallakurichi   ,,,,,,,
,,,,St Mary’s Matric School,State Board,,,,,kallakurichi   ,,,,,,,
,,,,Adam Nursery Primary School,State Board,,,,,kallakurichi   ,,,,,,,
,,,,Oxaliss International School,CBSE,,,,,kallakurichi   ,,,,,,,
,,,,Velammal Bodhi Campus,CBSE,,,,,kallakurichi   ,,,,,,,
,,,,RR Cambridge School,State Board,,,,,kallakurichi   ,,,,,,,
,,,,Green Park Matric School,State Board,,,,,kallakurichi   ,,,,,,,
,,,,Sunrise Matric School,State Board,,,,,kallakurichi   ,,,,,,,
,,,,Little Flower School,State Board,,,,,kallakurichi   ,,,,,,,
,,,Chinnasalem,Sakthi Matric Hr Sec School,State Board,,,,,kallakurichi   ,,,,,,,
,,,,Bharathi Balamandir School,State Board,,,,,kallakurichi   ,,,,,,,
,,,,ECR International School,State Board,,,,,kallakurichi   ,,,,,,,
,,,,Sri Vidhya Mandir School,State Board,,,,,kallakurichi   ,,,,,,,
,,,,Modern Public School,CBSE,,,,,kallakurichi   ,,,,,,,
,,,Sankarapuram,Jayam Matric Hr Sec School,State Board,,,,,kallakurichi   ,,,,,,,
,,,,Vivekananda Matric School,State Board,,,,,kallakurichi   ,,,,,,,
,,,,Sri Ramakrishna School,State Board,,,,,kallakurichi   ,,,,,,,
,,,,Oxford Matric School,State Board,,,,,kallakurichi   ,,,,,,,
,,,,Golden Valley School,State Board,,,,,kallakurichi   ,,,,,,,
,,,Ulundurpet,Saraswathi Matric School,State Board,,,,,kallakurichi   ,,,,,,,
,,,,Little Flower School,State Board,,,,,kallakurichi   ,,,,,,,
,,,,Bright Matric School,State Board,,,,,kallakurichi   ,,,,,,,
,,,,Global Academy,CBSE,,,,,kallakurichi   ,,,,,,,
,,,,Elite School,State Board,,,,,kallakurichi   ,,,,,,,
,,,Thiyagadurgam,Mount Park Special Academy,State Board,,,,,kallakurichi   ,,,,,,,
,,,,Annai Matric School,State Board,,,,,kallakurichi   ,,,,,,,
,,,,Sri Devi Matric School,State Board,,,,,kallakurichi   ,,,,,,,
,,,,National Academy,State Board,,,,,kallakurichi   ,,,,,,,
,,,,Future Academy,State Board,,,,,kallakurichi   ,,,,,,,
2,South Tamilnadu,Madurai,Madurai east block,Sri Jayendra Saraswathy Vidya Mandir,ICSE,,,,,Ponmeni,,,,,,,
,,,,Bharathi Matriculation School,Matric,,,,,Ponmeni,,,,,,,
,,,,Sri Vignesh Vidya Nivas,CBSE,,,,,Ponmeni,,,,,,,
,,,,Lakshmi Devi Vidyasala,"CBSE, ICSE",,,,,Ponmeni,,,,,,,
,,,,Christu Jyothi School,"CBSE, IGCSE",,,,,Vilangudi,,,,,,,
,,,,St. Xavier's High School,ICSE,,,,,Vilangudi,,,,,,,
,,,,Vivekanda Matriculation School,Matric,,,,,Vilangudi,,,,,,,
,,,,Pragati International School,"CBSE, IGCSE, IB",,,,,Vilangudi,,,,,,,
,,,,Sri Hari Vidya Mandir,Matric,,,,,Chokkikulam,,,,,,,
,,,,Saraswathi Vidya Mandir,CBSE,,,,,Chokkikulam,,,,,,,
,,,,Vidya Vikas Academy,ICSE,,,,,Chokkikulam,,,,,,,
,,,,Global International School,"CBSE, IGCSE",,,,,Chokkikulam,,,,,,,
,,,,Sri Aurobindo High School,CBSE,,,,,Andipatti,,,,,,,
,,,,Veerbhadra Vidya Pith,Matric,,,,,Andipatti,,,,,,,
,,,,Knowledge Academy,"CBSE, ICSE",,,,,Andipatti,,,,,,,
,,,,Bharatiya Vidya Bhavan,ICSE,,,,,Andipatti,,,,,,,
,,,,Sri Krishna Academy,CBSE,,,,,Tirumangalam,,,,,,,
,,,,Devendra Vidya Mandir,Matric,,,,,Tirumangalam,,,,,,,
,,,,Sri Meenakshi Vidya Nivas,ICSE,,,,,Tirumangalam,,,,,,,
,,,,Wisdom International School,"CBSE, IGCSE",,,,,Tirumangalam,,,,,,,
,,,,Sri Balaji High School,Matric,,,,,Melur,,,,,,,
,,,,Arjun Vidya Mandir,CBSE,,,,,Melur,,,,,,,
,,,,Saraswathi International School,"ICSE, IGCSE",,,,,Melur,,,,,,,
,,,,Vedanta Vidya Peeth,"CBSE, IB",,,,,Melur,,,,,,,
,,,,Chettinad Vidyashram,"CBSE, ICSE",,,,,T. Nagar,,,,,,,
,,,,Sri Ramakrishna Vidyalaya,CBSE,,,,,Pasumalai,,,,,,,
,,,,Anna Nagar Puthiya Vidyalaya,CBSE,,,,,Anna Nagar,,,,,,,
,,,,Montfort Matriculation School,"Matric, ICSE",,,,,Mission Compound,,,,,,,
,,,,Jai Jawan Jai Kisan School,CBSE,,,,,West Mambalam,,,,,,,
,,,,Sri Hari International School,"CBSE, IGCSE, IB",,,,,New Colony,,,,,,,
,,,,Aakaar International School,"CBSE, IGCSE",,,,,Ponmeni,,,,,,,
,,,,Delhi Public School Madurai,CBSE,,,,,Vilangudi,,,,,,,
,,,,Elite International Academy,"CBSE, ICSE, IGCSE",,,,,Chokkikulam,,,,,,,
,,,,Sri Vignesh Academy,CBSE,,,,,Andipatti,,,,,,,
,,,,Samskrita Vidya Peetham,Matric,,,,,Tirumangalam,,,,,,,
,,,,Rainbow International School,"CBSE, IGCSE",,,,,Melur,,,,,,,
,,,Madurai west block,Velammal Vidyalaya,CBSE,,,,,Anuppanadi,,,,,,,
,,,,Sri Hari Academy,CBSE,,,,,Anuppanadi,,,,,,,
,,,,Delhi World Public School,CBSE,,,,,Paravai,,,,,,,
,,,,Spark Academy,ICSE,,,,,Paravai,,,,,,,
,,,,Jain Vidyalaya School,CBSE,,,,,Thiruppalai,,,,,,,
,,,,Sri Bhagwan Public School,Matric,,,,,Thiruppalai,,,,,,,
,,,,Grace Academy,ICSE,,,,,Thiruppalai,,,,,,,
,,,,Mahatma Global Gateway CBSE School,CBSE,,,,,Veerapanchan,,,,,,,
,,,,Keren Matriculation School,Matric,,,,,Checkanurani,,,,,,,
,,,,Vikaasa World School,"CBSE, IGCSE",,,,,Veerapandi,,,,,,,
,,,,Royal Vidyalaya Matric HR Sec School,Matric,,,,,Vilangudi,,,,,,,
,,,,Christu Jyothi International School,"CBSE, IGCSE",,,,,Vilangudi,,,,,,,
,,,,Allwin Matric HR Sec School,Matric,,,,,Koodal Nagar,,,,,,,
,,,,Maharishi Public School,CBSE,,,,,Koodal Nagar,,,,,,,
,,,,S.E.V Matric HR Sec School,Matric,,,,,Narayanapuram,,,,,,,
,,,,Sri Lakshmi Academy,CBSE,,,,,Narayanapuram,,,,,,,
,,,,Sri Sai Vidya Mandir,Matric,,,,,Mudakkathan,,,,,,,
,,,,Sri Venkateshwara School,CBSE,,,,,Mudakkathan,,,,,,,
,,,,Sri Raghavendra Vidyalaya,ICSE,,,,,Sikkandhar Chavadi,,,,,,,
,,,,Rainbow International School,CBSE,,,,,Sikkandhar Chavadi,,,,,,,
,,,,Sri Jayendra Saraswathy Vidya Mandir,ICSE,,,,,Chokkikulam,,,,,,,
,,,,Sri Durga Public School,Matric,,,,,Chokkikulam,,,,,,,
,,,,Sri Krishnan Academy,CBSE,,,,,Annaiyur,,,,,,,
,,,,Sri Shankara Vidya Niketan,Matric,,,,,Annaiyur,,,,,,,
,,,,Sri Vaishnavi Academy,"CBSE, ICSE",,,,,Samayanallur,,,,,,,
,,,,Sri Ramakrishna Vidyapith,Matric,,,,,Samayanallur,,,,,,,
,,,,Sri Saraswathi Public School,CBSE,,,,,Chatirapatty,,,,,,,
,,,,Sri Sai Baba Academy,Matric,,,,,Chatirapatty,,,,,,,
,,,,Sri Vidya Vihar Academy,CBSE,,,,,A.Kosakulam,,,,,,,
,,,,Sri Aurobindo Academy,ICSE,,,,,A.Kosakulam,,,,,,,
,,,Madurai Southzone,Adhyapana School,CBSE,,,,,"Madurai-Dindigul Main Road, Paravai",,,,,,,
,,,,Delhi World Public School,CBSE,,,,,"Mangayarkarasi Nagar, Paravai",,,,,,,
,,,,Maharishi Vidya Mandir School,CBSE,,,,,"Kovilpapakudi Main Road, Koodal Nagar",,,,,,,
,,,,Dolphin Elite School,CBSE,,,,,"Jai Nagar, Ponmeni",,,,,,,
,,,,Jain Vidyalaya CBSE,CBSE,,,,,"New Natham Road, Thiruppalai",,,,,,,
,,,,Mahatma Montessori School,CBSE,,,,,"Gopalakrishnan Nagar, Melur",,,,,,,
,,,,Mahatma Global Gateway School,CBSE,,,,,"Veerapanchan, Madurai",,,,,,,
,,,,Mount Litera Zee School,CBSE,,,,,"Nagari-Sholavandan Road, Rayapuram",,,,,,,
,,,,SBOA Matriculation Higher Secondary School,MATRIC,,,,,"Melakuilkudi Road, Nagamalai West",,,,,,,
,,,,Amali Matric Higher Secondary School,MATRIC,,,,,"New Ramnad Road, Madurai South",,,,,,,
,,,,De Nobili Matric Higher Secondary School,MATRIC,,,,,"K. Pudur, Madurai",,,,,,,
,,,,Fatima Matric Higher Secondary School,MATRIC,,,,,"Fatima Nagar, Thiruppalai",,,,,,,
,,,,Sri Prassana Venkateswara Matric School,MATRIC,,,,,"Ponmeni, Madurai South",,,,,,,
,,,,Goodluck Matric School,MATRIC,,,,,"Meenakshi Nagar Main Road, Villapuram",,,,,,,
,,,,Auxilium Higher Secondary School,MATRIC,,,,,"Alagarkoil Road, Thirumalpuram",,,,,,,
,,,,Sri Vetrivel Vodasala Matric School,MATRIC,,,,,"Melakkal Main Road, Mellakkal",,,,,,,
,,,,ALM Matric High School,MATRIC,,,,,"Arasaradi, Ponmeni",,,,,,,
,,,,Sri Sarada Vidyalaya Matric School,MATRIC,,,,,"Madam Lane, Lakshmi Narayanapuram",,,,,,,
,,,,Allwin Matric Higher Secondary School,MATRIC,,,,,"Koodal Nagar, Madurai West",,,,,,,
,,,,Nadar Saraswathi Matriculation School,ICSE & MATRIC,,,,,"Usilampatti, Madurai",,,,,,,
,,,,St. Michael Matriculation School,ICSE,,,,,"P & T Nagar Extension, Madurai",,,,,,,
,,,,Asian Matric Higher Secondary School,MATRIC,,,,,"Melur Road, Madurai",,,,,,,
,,,,Guhan Matric Higher Secondary School,MATRIC,,,,,"Ramnad Road, Madurai South",,,,,,,
,,,,Modern Matriculation School,MATRIC,,,,,"Thirumothu Road, Madurai",,,,,,,
,,,,Devasakayam Matric Higher Secondary School,MATRIC,,,,,"Pasumalai, Madurai",,,,,,,
,,,"Melur & Melur
T. Kallupatti",Royal Vidyalaya CBSE,cbse,,,,,melur main,,,,,,,
,,,,Milton Matriculation Higher Secondary School,matric,,,,,alagar kovil road,,,,,,,
,,,,Sri Sundareswara Vidya Sala Matric Higher Sec School,matric,,,,,aatukulam,,,,,,,
,,,,Abdulkalam Vithyabavan Matriculation School,Matric,,,,,sivagangai main rd,,,,,,,
,,,,Asian Matriculation Higher Secondary School,Matric,,,,,melur   ,,,,,,,
,,,,Vetrivel Vidyasala Matriculation School,matric,,,,,melur,,,,,,,
,,,,Seventh Day Adventist Matriculation School,MATRIC,,,,,melur   ,,,,,,,
,,,,Mahabharatham Matric Higher Secondary School,MATRIC,,,,,kilangulam,,,,,,,
,,,,Samabharatham Matric Higher Secondary School,MATRIC,,,,,thambipatti,,,,,,,
,,,,Lord Venkateswara Matriculation Higher Sec School,matric,,,,,virudhunagar via,,,,,,,
,,,,Alfred Nobel Matriculation School,matric,,,,,ram nagar,,,,,,,
,,,,Sri Lakshumanan Memorial Jaya Matric School,matric,,,,,T. kallupatti,,,,,,,
,,,Kallikudi,PKN Matriculation Higher Secondary School,Matriculation,,,,,Usilampatti Road,,,,,,,
,,,,Krishnamal Ramasubbaiyer School,CBSE,,,,,Aruppukottai Road,,,,,,,
,,,,Lakshmi Nursery & Primary School,Matric (N&P),,,,,K. Chatram,,,,,,,
,,,,TAAC CBSE School (Akshaya Academy Campus),CBSE,,,,,Avaniyapuram Road,,,,,,,
,,,,KMR International School,CBSE,,,,,4 Ways Track Service Rd,,,,,,,
,,,,Vikaasa World School,IGCSE / CIE,,,,,Oomachikulam Rd,,,,,,,
,,,,Jeevana School,ICSE / ISC,,,,,"Jay Nagar, Bypass Road",,,,,,,
,,,,Vthworld International School,IB / International,,,,,Thuvariman,,,,,,,
,,,,NRM Dream International School,CBSE / Matric,,,,,Tirumangalam Main Rd,,,,,,,
,,,,Evergreen Vidhyaashram,CBSE,,,,,Muthupatti Pirivu,,,,,,,
,,,Thirumangalam ,PKN Vidyalaya CBSE School,CBSE,,,,,Usilampatti Road,,,,,,,
,,,,NRM Dream International School,CBSE,,,,,Sathangudi,,,,,,,
,,,,St Francis Matriculation Higher Secondary School,Matriculation,,,,,East Street,,,,,,,
,,,,Keren Matric Higher Secondary School,Matriculation,,,,,Checkanurani Rd,,,,,,,
,,,,OM Sadhana Central School,CBSE,,,,,Theni Main Road,,,,,,,
,,,,TAAC CBSE School (Akshaya Academy Campus),CBSE,,,,,Avaniyapuram Road,,,,,,,
,,,,KMR International School,CBSE,,,,,4 Ways Track Rd,,,,,,,
,,,,Keswick Public School,ICSE / ISC,,,,,Melur Main Road,,,,,,,
,,,,Bharathiya Vidyalaya Nursery & Primary School,Matric (N&P),,,,,Thirumangalam Town,,,,,,,
,,,,Kazhuvathevar Memorial Matric Higher Sec School,Matriculation,,,,,Kallikudi Road,,,,,,,
,,,Usilampatti ,Ponmani Matriculation Higher Secondary School,Matriculation,,,,,Peraiur Road,,,,,,,
,,,,Keren CBSE School,CBSE,,,,,Usilampatti Town,,,,,,,
,,,,Gurudev Matriculation School,Matriculation,,,,,Boodipuram,,,,,,,
,,,,Aachi International School,CBSE / International,,,,,Usilampatti Region,,,,,,,
,,,,Green Park Matriculation School,Matriculation,,,,,Usilampatti Town,,,,,,,
,,,,Viswa Vidyalaya Matric Hr. Sec. School,Matriculation,,,,,Elumalai Main Rd,,,,,,,
,,,,Bharathiyar Matriculation Higher Secondary School,Matriculation,,,,,Elumalai Region,,,,,,,
,,,,Seventh-Day Adventist School,Matriculation,,,,,Thiruvalluvar Nagar,,,,,,,
,,,,Kalvi Global Matriculation School,Matriculation,,,,,Natham Road,,,,,,,
,,,,Amudham Matriculation Higher Secondary School,Matriculation,,,,,Usilampatti Center,,,,,,,
,,,Sedapatti ,Samabharatham Matric Higher Secondary School,Matriculation,,,,,Sedapatti Town,,,,,,,
,,,,Ponnammal Modern Public School,CBSE,,,,,Sedapatti Region,,,,,,,
,,,,SRI Lakshumanan Memorial Jaya Matriculation School,Matriculation,,,,,Sedapatti Town,,,,,,,
,,,,Sembarani School,Matriculation,,,,,Sembarani Area,,,,,,,
,,,,K.K.G. Matriculation School,Matriculation,,,,,Sedapatti Block,,,,,,,
,,,,Aachi International School,ICSE / ISC,,,,,Theni Main Road,,,,,,,
,,,,Kazhuvathevar Memorial Matriculation Higher Secondary School,Matriculation,,,,,Kallikudi Road,,,,,,,
,,,,Sathya Vidhyalaya International School,CBSE,,,,,Tirumangalam Area,,,,,,,
,,,,Gurudev Matriculation School,Matriculation,,,,,Boodipuram,,,,,,,
,,,,PKN Vidyalaya CBSE School,CBSE,,,,,Usilampatti Road,,,,,,,
,,,Alanganallur ,Thaai Matric Higher Secondary School,Matriculation,,,,,Union Office Road,,,,,,,
,,,,Sri Vignesh Nursery & Primary School,Matric (N&P),,,,,Govt Hospital Road,,,,,,,
,,,,Oorcheri High School Campus,Matriculation,,,,,Oorcheri Region,,,,,,,
,,,,National Nursery & Primary School,Matric (N&P),,,,,Kallanai,,,,,,,
,,,,Grace Nursery & Primary School,Matric (N&P),,,,,Kallanai Panchayat,,,,,,,
,,,,Thaai Nursery & Primary School,Matric (N&P),,,,,Palamedu Area,,,,,,,
,,,,Kalvi Global Matriculation School,Matriculation,,,,,Naganakulam,,,,,,,
,,,,Vallaba Vidyalaya,CBSE,,,,,Arumbanur,,,,,,,
,,,,Vikaasa World School,IGCSE / ICSE,,,,,Veerapandi Road,,,,,,,
,,,,S.E.V. Matriculation Higher Secondary School,Matriculation,,,,,New Natham Road,,,,,,,
,,Theni,Theni block cluster,Benedict Matric Higher Secondary School,Matriculation,,,,,"MRR Nagar, Palanichettipatti",,,,,,,
,,,,Mary Matha CMI Public School,CBSE,,,,,"Madurai Main Road, NRT Nagar",,,,,,,
,,,,Velammal Matriculation Higher Secondary School,Matriculation,,,,,"Kumuli National Highway, Allinagaram",,,,,,,
,,,,Madurai CEOA Matric Hr. Sec. School,Matriculation,,,,,"Benedict Nagar, Palanichettipatti",,,,,,,
,,,,Purna Vidya Bhavan Public School,CBSE,,,,,"NH 49, Kochi-Madurai Highway",,,,,,,
,,,,The Little Kingdom Senior School,CBSE / IGCSE,,,,,"Valkaradu R.F., Theni",,,,,,,
,,,,Bagya Matriculation School,Matriculation,,,,,"Veerappa Ayanaar Kovil Salai, Allinagaram",,,,,,,
,,,,Bose Nursery & Primary School,State Board,,,,,"North Jeganathapuram, Palanichettipatti",,,,,,,
,,,,Theni Melapettai Hindu Nadar Uravinmurai School,Matriculation,,,,,"Kamarajrar Nagar, Allinagaram",,,,,,,
,,,,Theni College of Arts and Science Campus School,Matriculation,,,,,"Cumbum Highway, Veerapandi",,,,,,,
,,,,Kalvi International Public School,CBSE / IGCSE,,,,,"Devangar College Road, Kottur Border",,,,,,,
,,,,Life Innovation Public School,CBSE,,,,,"Periyakulam Main Road, Sri Ram Nagar",,,,,,,
,,,,Velammal Vidyalaya CBSE School,CBSE,,,,,"Velammal Gardens, Kodangipatti",,,,,,,
,,,Periyakulam block cluster,St. Anne's Matriculation Higher Secondary School,Matriculation,,,,,"Kailasapatty, Periyakulam",,,,,,,
,,,,Renuka Vidyalaya Matriculation School,Matriculation,,,,,"Vadugapatti Main Road, Vadugapatti",,,,,,,
,,,,Cheran Matriculation Higher Secondary School,Matriculation,,,,,"Thamaraikulam Bypass, Thamaraikulam",,,,,,,
,,,,N.S.V.V. Matriculation Higher Secondary School,Matriculation,,,,,"Batlagundu Main Road, Devadanapatti",,,,,,,
,,,,Amala Annai Matriculation School,Matriculation,,,,,"Jayakumar Nagar, Melmangalam",,,,,,,
,,,,Arise Centennial CBSE School,CBSE,,,,,"Theni Main Road, Kailasapatty",,,,,,,
,,,,Lord Venkateshwara Matriculation School,Matriculation,,,,,"Vathalagundu Highway, Genguvarpatti",,,,,,,
,,,,Grace Matriculation School,Matriculation,,,,,"Erasakkanaickenur Road, E.Pudhupatti",,,,,,,
,,,,Sahaya Matha Nursery & Primary School,State Board,,,,,"South Street, Periyakulam Town",,,,,,,
,,,,Green Valley Public School,CBSE,,,,,"Periyakulam-Theni Highway, Thamaraikulam",,,,,,,
,,,,V.M.G. Rajah Matriculation School,Matriculation,,,,,"Melachokkannathapuram, Vadugapatti",,,,,,,
,,,,Sree Krishna Matriculation School,Matriculation,,,,,"Genguvarpatti Road, Devadanapatti",,,,,,,
,,,Bodinayakanur block cluster,Cardamom Planters' Association (CPA) Matric Higher Secondary School,Matriculation,,,,,"Pankajam Colony, Bodinayakanur",,,,,,,
,,,,ZKM Matriculation Higher Secondary School,Matriculation,,,,,"Subban street, Bodinayakanur Town",,,,,,,
,,,,Saraswathi Vidyalaya Matriculation School,Matriculation,,,,,"Bodi-Uthamapalayam Highway, Silamalai",,,,,,,
,,,,Dr. Jeyachandran Matriculation School,Matriculation,,,,,"Main Road, Dombuchery",,,,,,,
,,,,Nava Nirman Public School,CBSE,,,,,"Thevaram Road, Bodinayakanur",,,,,,,
,,,,Bala Vidya Mandir Matriculation School,Matriculation,,,,,"Chinnamanur Main Road, Rasingapuram",,,,,,,
,,,,Sri Ramana Maharishi Nursery & Primary School,State Board,,,,,"Sinnamanur Road, Bodi Rural",,,,,,,
,,,,M.A.V.M. Matriculation School,Matriculation,,,,,"Kerala Border Road, Meenakshipuram",,,,,,,
,,,,St. John's Matriculation School,Matriculation,,,,,"Melachurandipatti Road, Bodinayakanur",,,,,,,
,,,,Vivekananda Public School,CBSE,,,,,"Pottipuram Road Junction, Silamalai",,,,,,,
,,,Uthamapalayam & cumbum block cluster ,The Crescent Matriculation Hr.Sec.School,Matriculation,,,,,"Kottai Medu, Uthamapalayam",,,,,,,
,,,,Jay Tech International School,CBSE,,,,,"Cumbum North Bypass Junction, Puduppatti",,,,,,,
,,,,Gayathri Matriculation Higher Secondary School,Matriculation,,,,,"Odaipatti - Seepalakottai Road, Chinnamanur",,,,,,,
,,,,ALHIKMAH MATRIC HR.SEC SCHOOL,Matriculation,,,,,"PTR Colony, Lakshmipuram, Uthamapalayam",,,,,,,
,,,,RR INTERNATIONAL SCHOOL,CBSE,,,,,"National Highway 183, Puduppatti, Cumbum",,,,,,,
,,,,SRI VIKASA VIDYALAYA MATRIC HR SCHOOL,Matriculation,,,,,"Palayam - Bodi Road, Uthamapalayam",,,,,,,
,,,,St.Francis Assisi Matriculation School,Matriculation,,,,,"Ponnagaram Road, Chinnamanur",,,,,,,
,,,,Veena Vidhyalaya Matriculation School,Matriculation,,,,,"North Street, Ward No. 6, Puduppatti",,,,,,,
,,,,SHRI VIKASA VIDYALAYA PUBLIC SCHOOL,CBSE,,,,,"Uthupetty Road, Chinnamanur",,,,,,,
,,,,S.U.M. HIGHER SECONDARY & PRIMARY SCHOOL,State Board,,,,,"East Street, Anaimalayampatty, Royappanpatti",,,,,,,
,,,,Little Nest Nursery and Primary School,State Board,,,,,"Kollam-Theni Highway, Uthamapalayam Court",,,,,,,
,,,,Nagmaniammal Memorial Matriculation Higher Secondary School,Matriculation,,,,,"Bharathiyar Nagar, Cumbum Town",,,,,,,
,,,,SAB.Matric Hr Sec School,Matriculation,,,,,"Main Town Area, Uthamapalayam",,,,,,,
,,,,Green Mount Public School,CBSE,,,,,Pannaipuram Block Border,,,,,,,
,,,Chinnamanur cluster,Gayathri Matriculation Higher Secondary School,Matriculation,,,,,Odaipatti - Seepalakottai Road,,,,,,,
,,,,Shri Vikasa Vidyalaya Public School,CBSE,,,,,Uthupetty Road,,,,,,,
,,,,St. Francis Assisi Matriculation School,Matriculation,,,,,Ponnagaram Road,,,,,,,
,,,,Dr. V.G.N. Matriculation School,Matriculation,,,,,"Main Road, Seepalakottai",,,,,,,
,,,,Sri Vinayaga Nursery & Primary School,State Board,,,,,"Kalaignar Nagar, Odaipatti",,,,,,,
,,,,Royal Matriculation Higher Secondary School,Matriculation,,,,,"Theni Highway, Markayankottai",,,,,,,
,,,,Annai Indira Memorial Nursery & Primary School,State Board,,,,,"Mullai Nagar, Chinnamanur",,,,,,,
,,,,Everest Public School,CBSE,,,,,Erasakkanaickenur Road Junction,,,,,,,
,,Dindigul,"Chettinaickenpatti, Thadikombu, Balakrishnapuram & Siluvathur",Shri Gurumuki Vidhyashram School,CBSE,,,,,Puthu Kappiliyapatti,,,,,,,
,,,,Om Shanthi CBSE Higher Secondary School,CBSE,,,,,Meenachinayakkanpatti,,,,,,,
,,,,M.S.P. Solai Nadar Memorial Higher Secondary School,Matriculation,,,,,GTN Road / Anna Nagar,,,,,,,
,,,,SLV Matriculation Higher Secondary School,Matriculation,,,,,Vathistapuram,,,,,,,
,,,,Achyuta Public School,CBSE,,,,,Thadicombu Road,,,,,,,
,,,,Vidvida Academy,CBSE,,,,,Sriramapuram,,,,,,,
,,,,DNU S.M.B.M. National Public School,CBSE,,,,,Masilamanipuram,,,,,,,
,,,,Akshaya Vidyalaya Matric Higher Secondary School,Matriculation,,,,,Trichy Dindigul Road,,,,,,,
,,,,Kamarajar Vidhyalaya Matriculation School,Matriculation,,,,,Thadicombu Road,,,,,,,
,,,,Soundararaja Vidyalaya CBSE School,CBSE,,,,,Natham Road / Suba Nagar,,,,,,,
,,,,Luxor World School,IGCSE / CBSE,,,,,Emerald Valley / Kalikkampatty,,,,,,,
,,,,Kamarajar Vidhyalaya,Matriculation,,,,,Meenachinayakkanpatti,,,,,,,
,,,Nilakottai,Damien Public Senior Secondary School,CBSE,,,,,Diraviam Nagar,,,,,,,
,,,,Kumarappa Chettiyar Memorial Matric Higher Secondary School,Matriculation,,,,,Muthulingam Nagar,,,,,,,
,,,,Chendur Murugan Nursery & Primary School,Matriculation,,,,,Ammayanayakkanur,,,,,,,
,,,,Dolphine Nursery And Primary School,Matriculation,,,,,Nilakottai Town,,,,,,,
,,,,Angu Arumuga Nursery And Primary School,Matriculation,,,,,Pallapatti Area,,,,,,,
,,,,MVM Kalaivani Matriculation School,Matriculation,,,,,Nilakottai Rural,,,,,,,
,,,,First Step Public School,CBSE,,,,,Kanavaipatty,,,,,,,
,,,,Laurel Nursery And Primary School,Matriculation,,,,,Nilakottai Center,,,,,,,
,,,,Cheran Global School,CBSE / Matric,,,,,Nilakottai Ring Road,,,,,,,
,,,Vedasandur,Akshara Public School,CBSE,,,,,Sri Mahalakshmi Nagar,,,,,,,
,,,,B.V.M Matric School,Matriculation,,,,,Vedasandur Town,,,,,,,
,,,,Vivekanandar Vidhya Mandir CBSE School,CBSE,,,,,Navamarathupatti,,,,,,,
,,,,St. Patrick's Academy Matric Higher Secondary School,Matriculation,,,,,Kaalanampatty,,,,,,,
,,,,Bedford Academy Matriculation Higher Secondary School,Matriculation,,,,,Vedasandur Bypass,,,,,,,
,,,,Kidzee Vedasandur Preschool,Play School,,,,,Rajagopalapuram,,,,,,,
,,,,St. John Paul Academy CBSE School,CBSE,,,,,Vedasandur Peripheral,,,,,,,
,,,Oddanchatram,Sri Krishna CBSE Senior Secondary School,CBSE,,,,,Thiruvalluvar Salai,,,,,,,
,,,,Akshaya Academy CBSE School (TAAC),CBSE,,,,,Dindigul Highway / Pudhuchatram,,,,,,,
,,,,Kalvi Matriculation Higher Secondary School,Matriculation,,,,,Kappiliyapatti,,,,,,,
,,,,Christian Matriculation Higher Secondary School,Matriculation,,,,,Palani Road,,,,,,,
,,,,Buds Flourishing Hindu Vidyalaya Matric Higher Sec School,Matriculation,,,,,Dharapuram Road,,,,,,,
,,,,Spm Oxford Matriculation School,Matriculation,,,,,Vedasandur Road,,,,,,,
,,,,Buds Vidhyashram CBSE School,CBSE,,,,,Thangachiammapatti,,,,,,,
,,,,Triumph Academy Matriculation School,Matriculation,,,,,Oddanchatram Town Area,,,,,,,
,,,,Vivekanandhavan Academy,CBSE / Matric,,,,,Oddanchatram Peripheral,,,,,,,
,,,Palani Block,Akshaya Academy CBSE Senior Secondary School,CBSE,,,,,Dindigul Road / South Anna Nagar,,,,,,,
,,,,St. Peter's Matriculation School,Matriculation,,,,,Indra Nagar,,,,,,,
,,,,Sri Vinayaga Vidhyalaya Senior Secondary School,CBSE,,,,,Sivagiripatti,,,,,,,
,,,,Akshaya Academy Matriculation Higher Secondary School,Matriculation,,,,,Andavar Nagar / NH 209,,,,,,,
,,,,Ramachandra International Public School,CBSE,,,,,Palani Taluk / Dharapuram Road,,,,,,,
,,,,St. Paul's Matriculation School,Matriculation,,,,,Pandian Nagar,,,,,,,
,,,,Shri Vidhya Mandhir,CBSE,,,,,Palani-Udumalai Highway,,,,,,,
,,,,St. Joseph's Matric Higher Secondary School,Matriculation,,,,,New Tharapuram Road,,,,,,,
,,,,Bharat Public School,CBSE,,,,,Thoppampatti Area,,,,,,,
,,,Athoor Block,The Indian Public School (TIPS),IGCSE / CBSE,,,,,Pillayarnatham Village,,,,,,,
,,,,Prism Matric Higher Secondary School,Matriculation,,,,,Sembatti / Chennai-Theni Highway,,,,,,,
,,,,Parvathy's Anugrahaa International School,CBSE,,,,,Wisdom City / Madurai Main Road,,,,,,,
,,,,Vidya Sikshaa Matric Higher Secondary School,Matriculation,,,,,Bodikamanvadi / Chennai-Theni Hwy,,,,,,,
,,,,Nagalakshmi Matriculation School,Matriculation,,,,,Athoor Rural Tiers,,,,,,,
,,,,Victory Matriculation Higher Secondary School,Matriculation,,,,,Athoor Center,,,,,,,
,,,,Holy Cross Matriculation School,Matriculation,,,,,Sembatti Area,,,,,,,
,,,,Cheran Vidyalaya Matriculation Higher Secondary School,Matriculation,,,,,Athoor Town Margins,,,,,,,
,,,Sanarpatti,Vidhya Parthi National Academy,CBSE,,,,,Trichy-Dindigul Road / Seelapadi,,,,,,,
,,,,Pannai Matriculation School,Matriculation,,,,,Seelapadi Area,,,,,,,
,,,,Velammal Bodhi Campus,CBSE,,,,,Kovilur Post / East Ring Road,,,,,,,
,,,,St. Anthony's Convent School,CBSE,,,,,Sirumalai Road / Reddiyapatti,,,,,,,
,,,,Pannai CBSE School,CBSE,,,,,Seelapadi Campus,,,,,,,
,,,,Aravinth International Montessori School,CBSE / Montessori,,,,,Sanarpatti Peripheral Tiers,,,,,,,
,,,Guziliamparai,Kamban Vidhyalaya High School,Matriculation,,,,,Chinnaluppai / SH-74,,,,,,,
,,,,Chettinad Rani Meyyammai Matriculation School,Matriculation,,,,,Guziliamparai Town,,,,,,,
,,,,Hayagreevers Kongunad Academy,Matriculation,,,,,Guziliamparai Central,,,,,,,
,,,,E.N.P Nursery & Primary School,Matriculation,,,,,Dindigul-Karur Highway Tiers,,,,,,,
,,,,Kamban Vidyalaya Higher Secondary School,Matriculation,,,,,Chinnaluppai Rural,,,,,,,
,,,Kodaikanal Block,Kodaikanal International School,IB / IGCSE,,,,,Seven Roads Junction,,,,,,,
,,,,Bharatiya Vidya Bhavan's Gandhi Vidyashram,CBSE,,,,,Golf Links Road,,,,,,,
,,,,St. Peter's International School,CBSE / Matric,,,,,Laws Ghat Road / Pamparpuram,,,,,,,
,,,,Zion International CBSE School,CBSE,,,,,M.M. Street / Laws Ghat Rd,,,,,,,
,,,,Kodaikanal Public School,CBSE / ICSE,,,,,M.M. Street Area,,,,,,,
,,,,St. Thomas Matric Higher Secondary School,Matriculation,,,,,Naidupuram Area,,,,,,,
,,,,Sholai School (CLOAAT),NIOS / Cambridge,,,,,Pethuparai / Shenbaganur,,,,,,,
,,,,Brindavan Public School,CBSE / State,,,,,Gymkhana Road / Khilbhumi,,,,,,,
,,,,Kodai Iqra International School,CBSE / Islamic,,,,,Prakasapuram / Shenbaganur,,,,,,,
,,,,Vivekananda Vidyalaya Matric Higher Sec School,Matriculation,,,,,Pannaikadu Ghat Road,,,,,,,
,,Sivagangai,Sivagangai Urban,St. Joseph's Matriculation School,Matriculation,,,,,V.O.C. Street / Madurai Road,,,,,,,
,,,,Oxford Matriculation Higher Secondary School,Matriculation,,,,,Pudur Area,,,,,,,
,,,,St. Justin's Matriculation Higher Secondary School,Matriculation,,,,,Aranmanai Vaasal / Madurai Road,,,,,,,
,,,Sivagangai Rural,Mount Litera Zee School Sivagangai,CBSE,,,,,Sri Meenakshi Nagar / Kandangipatti,,,,,,,
,,,,Montfort School (CBSE),CBSE,,,,,Sundaranadappu / Madakottai Vilakku,,,,,,,
,,,,Nehruji Central Higher Secondary School,CBSE,,,,,Melur Main Road / Idayamelur,,,,,,,
,,,Karaikudi Cluster,Chettinadu Public School,CBSE,,,,,Madurai Main Road / Managiri,,,,,,,
,,,,Dr. Alagappa Academy,CBSE,,,,,Alagappapuram Town,,,,,,,
,,,Kallal Cluster,Shanthi Rani Matric Higher Secondary School,Matriculation,,,,,Kallal Town Area,,,,,,,
,,,Ilayangudi Cluster,Ilm Public School,CBSE,,,,,Ilayangudi-Sivagangai Road,,,,,,,
,,,Thiruppathur Cluster,21st Century Matriculation School,Matriculation,,,,,Thiruppathur Road,,,,,,,
,,,,Christhuraja School,Matriculation,,,,,Thiruppattur Town,,,,,,,
,,,Kalayarkoil Cluster,Auxilium Matric Higher Secondary School,Matriculation,,,,,Puliadithammam,,,,,,,
,,Ramanathapuram,Mandapam,Syed Ammal Public School,CBSE,,,,,Madurai-Mandapam Road,,,,,,,
,,,,Al-Qalam International School,International/CBSE,,,,,"NH87, Perungulam",,,,,,,
,,,,Christ The King International School,CBSE,,,,,"Meiyampuli, Thangachimadam",,,,,,,
,,,,Sri Saraswathi Vidyalaya Matric Higher Sec School,Matriculation,,,,,Regunathapuram,,,,,,,
,,,,ABCs Kenbridge School,CBSE,,,,,Naranamangalam Post,,,,,,,
,,,,Bukhariya Matriculation Higher Secondary School,Matriculation,,,,,"Palankottai Street, Devipattinam",,,,,,,
,,,,Vivekananda Vidyalaya Matriculation School,Matriculation,,,,,"Perumal Koil Street, Devipattinam",,,,,,,
,,,,Dr. ABJ Abdul Kalam Public School,CBSE,,,,,Mandapam Region,,,,,,,
,,,,Sri Venkatesha International Kids School,CBSE-Primary,,,,,Mandapam Camp,,,,,,,
,,,,Sriram Vadhyalaya Creative School,Matric/CBSE,,,,,Mandapam Camp,,,,,,,
,,,,Shifan Noor Global Academy,CBSE/Global,,,,,"Venkulam, Devipattinam Road",,,,,,,
,,,,Krishna International School,CBSE,,,,,"ECR, Devipattinam",,,,,,,
,,,,Mohamed Sathak Kabeer Public School,CBSE,,,,,Collectorate Campus Pattinamkattan,,,,,,,
,,,,National Academy Central School,CISCE (ICSE),,,,,Pattinamkattan,,,,,,,
,,,,Velumanickam Montessori Matric Higher Sec School,Matriculation,,,,,"Vaani, Ramanathapuram HO",,,,,,,
,,,Thiruppullani,KannadiVappa International School,CBSE,,,,,Koraikuttam / Kilakarai Road,,,,,,,
,,,,Islamiah Matric Higher Sec School,Matriculation,,,,,Kilakarai Region,,,,,,,
,,,,Pearl Matriculation School,Matriculation,,,,,Thiruppullani Perimeter,,,,,,,
,,,,Sri Saraswathi Vidyalaya Matric HSS,Matriculation,,,,,Regunathapuram,,,,,,,
,,,,Dheenya Matric Higher Sec School,Matriculation,,,,,Keelakarai,,,,,,,
,,,Thiruvadanai,Bhaarath International School,CBSE,,,,,"Chinnakeeramangalam, NH536",,,,,,,
,,,,Rajan Matric Higher Sec School,Matriculation,,,,,"Bharathi Nagar, Thiruvadanai",,,,,,,
,,,,Ameer Sulthan Academy School,CBSE/Primary,,,,,"Thondi, Thiruvadanai Region",,,,,,,
,,,,Rajan Nursery and Primary School,Matric/State,,,,,"Bharathinagar, Thiruvadanai",,,,,,,
,,,,Bodhi Vidhyalaya CBSE School,CBSE,,,,,Seyyaloor,,,,,,,
,,,Rajasingamangalam,Holy Angel's Matric Higher Secondary School,Matriculation,,,,,East Rajasingamangalam,,,,,,,
,,,,Winners Matriculation High School,Matriculation,,,,,"Pethardevankottai, R.S. Mangalam",,,,,,,
,,,,St. George Public School,CBSE,,,,,"Near Union Office, Trichy-Rameswaram Highway",,,,,,,
,,,,Excellent Nursery & Primary School,Matric/State,,,,,"Umar Pulavar Street, R.S. Mangalam",,,,,,,
,,,,Aarushi Global School,CBSE / Global,,,,,"Kulamanikkam, Sunthar Nagar",,,,,,,
,,,,Sri Amirta's School,Matriculation,,,,,"Uppoor Region, R.S. Mangalam Perimeter",,,,,,,
,,,,The Amirtha Nursery and Primary School,Matric/State,,,,,"Main Town Sector, Rajasingamangalam",,,,,,,
,,,Paramakudi,Ayira Vaisya Matriculation Higher Secondary School,Matriculation,,,,,Muthalamman Kovil Padithurai Street,,,,,,,
,,,,Don Bosco Matric Higher Secondary School,Matriculation,,,,,"Kattuparamakudi, Ilayangudi Road",,,,,,,
,,,,Dr. ABJ Abdul Kalam Public School,CBSE,,,,,"Otthakadai, Madurai-Rameswaram Highway",,,,,,,
,,,,Lions Matriculation Higher Secondary School,Matriculation,,,,,"National Highway 49, Paramakudi Town",,,,,,,
,,,,Seventh Day Adventist Matriculation School,Matriculation,,,,,"Five Lamp Area, Paramakudi",,,,,,,
,,,,VOC Matriculation School,Matriculation,,,,,Emaneswaram Sector,,,,,,,
,,,,Subhiksha Vidhyalayam Central School,CBSE,,,,,"Peraiyur Road, Paramakudi",,,,,,,
,,,,Udaiyar Matriculation School,Matriculation,,,,,Melakavanoor,,,,,,,
,,,,SMA Matriculation Higher Secondary School,Matriculation,,,,,Kottaimedu District Boundary,,,,,,,
,,,,Ashok Nursery & Primary School,Matric/State,,,,,Parthibanur Region,,,,,,,
,,,Mandapam,Syed Ammal Public School,CBSE,,,,,Madurai-Mandapam Road,,,,,,,
,,,,Al-Qalam International School,International/CBSE,,,,,"NH87, Perungulam",,,,,,,
,,,,Christ The King International School,CBSE,,,,,"Meiyampuli, Thangachimadam",,,,,,,
,,,,Sri Saraswathi Vidyalaya Matric Higher Sec School,Matriculation,,,,,Regunathapuram,,,,,,,
,,,,ABCs Kenbridge School,CBSE,,,,,Naranamangalam Post,,,,,,,
,,,,Bukhariya Matriculation Higher Secondary School,Matriculation,,,,,"Palankottai Street, Devipattinam",,,,,,,
,,,,Vivekananda Vidyalaya Matriculation School,Matriculation,,,,,"Perumal Koil Street, Devipattinam",,,,,,,
,,,,Dr. ABJ Abdul Kalam Public School,CBSE,,,,,Mandapam Region,,,,,,,
,,,,Sri Venkatesha International Kids School,CBSE-Primary,,,,,Mandapam Camp,,,,,,,
,,,,Sriram Vadhyalaya Creative School,Matric/CBSE,,,,,Mandapam Camp,,,,,,,
,,,,Shifan Noor Global Academy,CBSE/Global,,,,,"Venkulam, Devipattinam Road",,,,,,,
,,,,Krishna International School,CBSE,,,,,"ECR, Devipattinam",,,,,,,
,,,,Mohamed Sathak Kabeer Public School,CBSE,,,,,Collectorate Campus Pattinamkattan,,,,,,,
,,,,National Academy Central School,CISCE (ICSE),,,,,Pattinamkattan,,,,,,,
,,,,Velumanickam Montessori Matric Higher Sec School,Matriculation,,,,,"Vaani, Ramanathapuram HO",,,,,,,
,,,Thiruppullani,KannadiVappa International School,CBSE,,,,,Koraikuttam / Kilakarai Road,,,,,,,
,,,,Islamiah Matric Higher Sec School,Matriculation,,,,,Kilakarai Region,,,,,,,
,,,,Pearl Matriculation School,Matriculation,,,,,Thiruppullani Perimeter,,,,,,,
,,,,Sri Saraswathi Vidyalaya Matric HSS,Matriculation,,,,,Regunathapuram,,,,,,,
,,,,Dheenya Matric Higher Sec School,Matriculation,,,,,Keelakarai,,,,,,,
,,,Thiruvadanai,Bhaarath International School,CBSE,,,,,"Chinnakeeramangalam, NH536",,,,,,,
,,,,Rajan Matric Higher Sec School,Matriculation,,,,,"Bharathi Nagar, Thiruvadanai",,,,,,,
,,,,Ameer Sulthan Academy School,CBSE/Primary,,,,,"Thondi, Thiruvadanai Region",,,,,,,
,,,,Rajan Nursery and Primary School,Matric/State,,,,,"Bharathinagar, Thiruvadanai",,,,,,,
,,,,Bodhi Vidhyalaya CBSE School,CBSE,,,,,Seyyaloor,,,,,,,
,,,Rajasingamangalam,Holy Angel's Matric Higher Secondary School,Matriculation,,,,,East Rajasingamangalam,,,,,,,
,,,,Winners Matriculation High School,Matriculation,,,,,"Pethardevankottai, R.S. Mangalam",,,,,,,
,,,,St. George Public School,CBSE,,,,,"Near Union Office, Trichy-Rameswaram Highway",,,,,,,
,,,,Excellent Nursery & Primary School,Matric/State,,,,,"Umar Pulavar Street, R.S. Mangalam",,,,,,,
,,,,Aarushi Global School,CBSE / Global,,,,,"Kulamanikkam, Sunthar Nagar",,,,,,,
,,,,Sri Amirta's School,Matriculation,,,,,"Uppoor Region, R.S. Mangalam Perimeter",,,,,,,
,,,,The Amirtha Nursery and Primary School,Matric/State,,,,,"Main Town Sector, Rajasingamangalam",,,,,,,
,,,Paramakudi,Ayira Vaisya Matriculation Higher Secondary School,Matriculation,,,,,Muthalamman Kovil Padithurai Street,,,,,,,
,,,,Don Bosco Matric Higher Secondary School,Matriculation,,,,,"Kattuparamakudi, Ilayangudi Road",,,,,,,
,,,,Dr. ABJ Abdul Kalam Public School,CBSE,,,,,"Otthakadai, Madurai-Rameswaram Highway",,,,,,,
,,,,Lions Matriculation Higher Secondary School,Matriculation,,,,,"National Highway 49, Paramakudi Town",,,,,,,
,,,,Seventh Day Adventist Matriculation School,Matriculation,,,,,"Five Lamp Area, Paramakudi",,,,,,,
,,,,VOC Matriculation School,Matriculation,,,,,Emaneswaram Sector,,,,,,,
,,,,Subhiksha Vidhyalayam Central School,CBSE,,,,,"Peraiyur Road, Paramakudi",,,,,,,
,,,,Udaiyar Matriculation School,Matriculation,,,,,Melakavanoor,,,,,,,
,,,,SMA Matriculation Higher Secondary School,Matriculation,,,,,Kottaimedu District Boundary,,,,,,,
,,,,Ashok Nursery & Primary School,Matric/State,,,,,Parthibanur Region,,,,,,,
,,,Nainarkoil,Meenakshi Matriculation Higher Secondary School,Matriculation,,,,,Paramakudi-Nainarkoil Road,,,,,,,
,,,,M.G Public Matric Higher Secondary School,Matriculation,,,,,"NH 210, Nainarkoil Perimeter",,,,,,,
,,,,Winners Matriculation High School,Matriculation,,,,,Nainarkoil Sub-Sector Border,,,,,,,
,,,,Udaiyar Matriculation School,Matriculation,,,,,"Nainarkoil Main Road, Melakavanoor",,,,,,,
,,,,Apdul Kalam CBSE School,CBSE,,,,,Nainarkoil Region,,,,,,,
,,,,Vasan Matriculation High School,Matriculation,,,,,"Main Town Sector, Nainarkoil",,,,,,,
,,,,Sri Sankara Vidyalaya Nursery And Primary School,Matric/State,,,,,Nainarkoil Block,,,,,,,
,,,Bogalur,Pioneer Homes Matriculation Higher Secondary School,Matriculation,,,,,Sathirakudi Town Sector,,,,,,,
,,,,Allwin Public School,CBSE,,,,,Sathirakudi Region,,,,,,,
,,,,Raja's Nursery and Primary School,Matric/State,,,,,Bogalur Main Junction,,,,,,,
,,,,S.A.B.V. Matriculation School,Matriculation,,,,,Sathirakudi Perimeter,,,,,,,
,,,,Naziya Matriculation School,Matriculation,,,,,Sathirakudi Boundary,,,,,,,
,,,,Sri Krishna Nursery and Primary School,Matric/State,,,,,"Kavanur Region, Bogalur",,,,,,,
,,,,St. Joseph's Matriculation School,Matriculation,,,,,"Sathirakudi, Bogalur Block",,,,,,,
,,,Kadaladi,Don Bosco School Of Excellence,CBSE,,,,,"Sayalgudi Road, Periyanayagi Puram",,,,,,,
,,,,Sri Sangeetha Vidyalaya Matriculation School,Matriculation,,,,,"Sayalgudi Main Road, Karunkulam",,,,,,,
,,,,K.H.N. Higher Secondary School,Matric/State,,,,,Perunali Sector,,,,,,,
,,,,Banu Matric Higher Secondary School,Matriculation,,,,,"Ayesha-Katheeja Campus, Sikkal",,,,,,,
,,,,Indian Matriculation Hr Sec School,Matriculation,,,,,Sikkal Junction Region,,,,,,,
,,,,ILM Matriculation School,Matriculation,,,,,Narippaiyur Coast Road,,,,,,,
,,,,Roja Matric Higher Secondary School,Matriculation,,,,,Kadaladi Main Sector,,,,,,,
,,,,Anjaneya Matriculation School,Matriculation,,,,,Sivapuram Boundary,,,,,,,
,,,Kamuthi,Kshatriya Vidyasala Matriculation Higher Secondary School,Matriculation,,,,,"K.V.S. Street, Kamuthi Town",,,,,,,
,,,,National Academy Central School,CBSE,,,,,"Mudukulathur Road, Kamuthi",,,,,,,
,,,,S.M.A. Matriculation Higher Secondary School,Matriculation,,,,,Chettiyar Bazar Sector,,,,,,,
,,,,Raja Nursery and Primary School,Matric/State,,,,,"Main Bazar Area, Kamuthi",,,,,,,
,,,,Saraswathi Vidyalaya Matric School,Matriculation,,,,,Kottaimedu Region,,,,,,,
,,,,Al-Ameen Matriculation High School,Matriculation,,,,,Peraiyur Road Boundary,,,,,,,
,,,,Vivekananda Matriculation School,Matriculation,,,,,Mandalamanickam Sector,,,,,,,
,,,Mudukulathur,Thevangar Matriculation Higher Secondary School,Matriculation,,,,,"Thevangar Nagar, Mudukulathur",,,,,,,
,,,,Annai Indira Memorial Public School,CBSE,,,,,"Paramakudi Road, Mudukulathur",,,,,,,
,,,,St. Mary's Matriculation School,Matriculation,,,,,"Church Street, Mudukulathur Town",,,,,,,
,,,,Raja Nursery and Primary School,Matric/State,,,,,Main Bazar Sector,,,,,,,
,,,,Subash Matriculation School,Matriculation,,,,,Kamuthi Highway Boundary,,,,,,,
,,,,Melchior Matriculation School,Matriculation,,,,,"Sellur Perimeter, Mudukulathur",,,,,,,
,,,,Al-Ameen Nursery and Primary School,Matric/State,,,,,Kadaladi Road Sector,,,,,,,
,,Virudhunagar,Virudhunagar Block,P.S. Chidambara Nadar Senior English School,CBSE,,,,,"Service Road, GT Nagar",,,,,,,
,,,,KVS Matriculation Higher Secondary School,Matriculation,,,,,Kooraikundu Sector,,,,,,,
,,,,Kshatriya Vidhyasala Centenary School,CBSE,,,,,Ramamoorthy Road,,,,,,,
,,,,Noble Matriculation Higher Secondary School,Matriculation,,,,,Periavallikulam Road,,,,,,,
,,,,V.M.G.R.R. Sri Sarada Sakthi Matric Higher Secondary School,Matriculation,,,,,"Sivagami Puram, Ramamoorthy Rd",,,,,,,
,,,,Wisdom Wealth International School,CBSE / International,,,,,"Inamreddiapatti, Sattur Highway",,,,,,,
,,,,SFS Matriculation School,Matriculation,,,,,"Mallankinaru Road, Pandian Nagar",,,,,,,
,,,,Saraswathi Ammal Lions Matriculation School,Matriculation,,,,,"Aruppukottai Road, Anna Nagar",,,,,,,
,,,,MVM School CBSE,CBSE,,,,,Hanumaan Nagar Sector,,,,,,,
,,,,Seventh Day Adventist School,Matriculation,,,,,"SH 184, MGR Nagar",,,,,,,
,,,Sivakasi Block,The Sivakasi Lions Matriculation Higher Secondary School,Matriculation,,,,,"Virudhu Nagar Road, Anaikuttam",,,,,,,
,,,,Hayagrivas International School,CBSE,,,,,"Hayagrivas Gardens, Pernaickenpatti",,,,,,,
,,,,YRTV Matriculation Higher Secondary School,Matriculation,,,,,Chairman AR Arunachalam Road,,,,,,,
,,,,Mount Litera Zee School Sivakasi,CBSE,,,,,Sivakasi-Vembakottai Main Road,,,,,,,
,,,,Sivakasi Jaycees Matriculation Hr Sec School,Matriculation,,,,,"Vilampatti Road, Anaiyur Post",,,,,,,
,,,,Shenbaga Vinayagar Matriculation Higher Secondary School,Matriculation,,,,,"Vembakkottai Road, Kaliappa Nagar",,,,,,,
,,,,Sidharajaa International School,CBSE / Global,,,,,Sivakasi West Perimeter,,,,,,,
,,,,Good Shepherd Matriculation School,Matriculation,,,,,"Near AJ College, Enjar Cross",,,,,,,
,,,,Glory Matriculation Higher Secondary School,Matriculation,,,,,"828 S.N. Puram Road, Thiruthangal",,,,,,,
,,,,Sruthi Vidhyodhaya School,CBSE-Primary,,,,,"Gnanagiri Road, Sivakasi East",,,,,,,
,,,Sattur Block,Sun Indiya Public School,CBSE,,,,,Sattur Town Boundary,,,,,,,
,,,,Dr. Radhakrishnan Vidyalaya Matriculation Higher Secondary School,Matriculation,,,,,"Railway Feeder Road, Sattur",,,,,,,
,,,,Sattur KMT Vidhyalaya (SKMTV),CBSE,,,,,Sattur Town Sector,,,,,,,
,,,,Lalitha Lal Bahadur Shastri Public School,CBSE/Primary,,,,,"Rajiv Gandhi Nagar, Sattur Taluk",,,,,,,
,,,,Ambal Vidyalaya Matriculation School,Matriculation,,,,,"Padanthal Road, Sattur",,,,,,,
,,,,Sri Ramana Matriculation Higher Secondary School,Matriculation,,,,,Elayirampannai Sector,,,,,,,
,,,,St. Joseph's Nursery and Primary School,Matric/State,,,,,"Main Bazar, Sattur Perimeter",,,,,,,
,,,Aruppukottai Block,Chandra National School,CBSE,,,,,"Virudhunagar Main Rd, P. Puliampatti",,,,,,,
,,,,SBK International School,CBSE,,,,,"Vasantham Nagar, Aruppukottai",,,,,,,
,,,,Sree Sowdambika International School,CBSE,,,,,Sri Sowdambika Campus,,,,,,,
,,,,Minerva Public School,CBSE,,,,,"Ramasamy Nagar, Puliakulam",,,,,,,
,,,,SBKKSS Thiyagarajan Memorial Matriculation School,Matriculation,,,,,S.B.K. Elementary School Road,,,,,,,
,,,,Iqra Matriculation School,Matriculation,,,,,"Near Municipal Park, Azeez Nagar",,,,,,,
,,,,Chandra Chutty School,CBSE/Primary,,,,,"Old Bus Stand Road, P.Puliampatti",,,,,,,
,,,,Noble International Public School,CBSE,,,,,Aruppukottai Town Boundary,,,,,,,
,,,,Green Wisdom Matriculation School,Matriculation,,,,,Vasantham Nagar Sector,,,,,,,
,,,,Joseph Carmel Convent Matriculation School,Matriculation,,,,,Aruppukottai Town Region,,,,,,,
,,,Rajapalayam Block,St. Joseph International School,CBSE,,,,,"Thirunelveli Bypass Road, Vadakku Venganallur",,,,,,,
,,,,Maharishi Vidya Mandir Senior Secondary School,CBSE,,,,,Senbaga Thoppu Road,,,,,,,
,,,,Casa Di Mir Matriculation Higher Secondary School,Matriculation,,,,,Ayyanar Koil Road,,,,,,,
,,,,Sri Ramana Academy CBSE,CBSE,,,,,"K.R. Nagar, Ramana Nagar",,,,,,,
,,,,Chinmaya Vidyalaya Srimathi Lingammal Ramaraju Matric HSS,Matriculation,,,,,Ramco Institute of Technology Road,,,,,,,
,,,,Vaima Vidyalaya,Matric/State,,,,,"PSK Nagar, Srirengapalayam",,,,,,,
,,,,Sri Ayyan Kendra Vidyalaya International CBSE School,CBSE,,,,,"Main Town Sector, Rajapalayam",,,,,,,
,,,,Ananda Vidyalaya Matric Higher Secondary School,Matriculation,,,,,Ayyanar Kovil Salai,,,,,,,
,,,,Mitra Pre School,CBSE/Primary,,,,,"Sudarsan Garden, Bharthi Nagar",,,,,,,
,,,,KKG Empowering Kids,International/Prep,,,,,"Sudarshan Gardens, PACR Salai",,,,,,,
,,,Kariapatti Block,Sri Sabari National School,CBSE,,,,,"Kazhuvanacheri Road, Kariapatti",,,,,,,
,,,,CEOA Matriculation Higher Secondary School,Matriculation,,,,,"S.Kallupatti, Kariapatti",,,,,,,
,,,,St Marys Matriculation School,Matriculation,,,,,Kariapatti Town Sector,,,,,,,
,,,,Saratha Matriculation School,Matriculation,,,,,"SH 47, M.Reddiapatti",,,,,,,
,,,,Sri Meenakshi Chutty's School,CBSE/Primary,,,,,"3rd Street, Kariapatti Town",,,,,,,
,,,,Srisabari Play & Nursery School,International/Prep,,,,,"Thiruchuli Road, Kariapatti",,,,,,,
,,,Srivilliputhur Block,VPMM International School,CBSE,,,,,"VPMM Campus, Krishnankoil",,,,,,,
,,,,KVS Matriculation Higher Secondary School,Matriculation,,,,,"Madurai Road, Srivilliputhur Town",,,,,,,
,,,,Sivakasi Lions Matriculation School Srivilliputhur Branch,Matriculation,,,,,Virudhunagar Highway Sector,,,,,,,
,,,,Sri Nachiar Vidyalaya CBSE School,CBSE,,,,,Madanayakanpatti Road,,,,,,,
,,,,Ebenezer Matriculation Higher Secondary School,Matriculation,,,,,Atchankulam Perimeter,,,,,,,
,,,,Mangalam Matriculation School,Matriculation,,,,,Srivilliputhur Main Town,,,,,,,
,,,,Thamarai Kids Prep School,CBSE/Primary,,,,,Pennaiyar Salai Sector,,,,,,,
,,,Watrap Block,Rangarao Lions Matriculation Higher Secondary School,Matriculation,,,,,"Koomapatty Road, Watrap Town",,,,,,,
,,,,Linga Global School,CBSE,,,,,"Anand Nagar, Krishnan Kovil",,,,,,,
,,,,Kalaimagal Higher Secondary School,Matric/State,,,,,Sundarapandiam Road,,,,,,,
,,,,Greenfields Nursery and Primary School,Matric/State,,,,,"Main Town Sector, Watrap",,,,,,,
,,,,Sri Vidya Matriculation Higher Secondary School,Matriculation,,,,,Watrap Perimeter,,,,,,,
,,,,Sharada Sakthi Matriculation School,Matriculation,,,,,Vathirairuppu Region,,,,,,,
,,,Tiruchuli Block,Sri Sabari National School (Branch Track),CBSE,,,,,Kariapatti-Tiruchuli Highway,,,,,,,
,,,,Raja's Nursery and Primary School,Matric/State,,,,,Tiruchuli Town Junction,,,,,,,
,,,,Vivekananda Matriculation High School,Matriculation,,,,,"Main Town Sector, Tiruchuli",,,,,,,
,,,,Sri Krishna Academy Nursery & Primary School,Matric/State,,,,,Mandapasalai Region,,,,,,,
,,,,St. Joseph's Matriculation School,Matriculation,,,,,Tiruchuli Perimeter Boundary,,,,,,,
,,,Vembakottai Block,Tancem Educational Trust Matriculation Higher Secondary School,Matriculation,,,,,"Tnc Colony, Alangulam",,,,,,,
,,,,Srivi Lions International School (Vembakottai Sector),CBSE,,,,,Vembakottai Boundary Area,,,,,,,
,,,,Navabharath Matric Hr. Sec. School,Matriculation,,,,,Thayilpatti Region,,,,,,,
,,,,Little Buds Unique Matric School,Matriculation,,,,,Vembakottai Town Main Rd,,,,,,,
,,,,Sibio Boarding School,Matric/State,,,,,Vembakottai Perimeter,,,,,,,
,,,,Oxford Matriculation School,Matriculation,,,,,Thayilpatti Sector Boundary,,,,,,,
,,Tirunelveli,Cheranmahadevi Block,Sivanthi Matriculation Higher Secondary School,Matriculation,,,,,"Kakakad Road, Cheranmahadevi",,,,,,,
,,,,Scad International School,CBSE,,,,,"Scad Campus, Cheranmahadevi Road",,,,,,,
,,,,Almighty Matriculation School,Matriculation,,,,,"Ashok Nagar, Cheranmahadevi",,,,,,,
,,,,Sun Matriculation School,Matriculation,,,,,"Ramasamy Koil Street, Cheranmahadevi",,,,,,,
,,,,AKB School Of Excellence,CBSE,,,,,Cheranmahadevi Region,,,,,,,
,,,,Socrates Matriculation School,Matriculation,,,,,"Town Sector Boundary, Cheranmahadevi",,,,,,,
,,,,Adaikala Madha Matriculation School,Matriculation,,,,,Cheranmahadevi Perimeter,,,,,,,
,,,Manur Block,Sri Jayendra Saraswathi Swamigal Golden Jubilee Matriculation Higher Secondary School,Matriculation,,,,,"Thenkalam Road, Thalaiyuthu",,,,,,,
,,,,K.M.P. Vidyalaya School,Matriculation,,,,,"Sankarankoil Road, Manur Town",,,,,,,
,,,,Oasis Matriculation Higher Secondary School,Matriculation,,,,,Manur Perimeter Boundary,,,,,,,
,,,,Good Shepherd Nursery & Primary School,Matric/State,,,,,Alagiapandiapuram Region,,,,,,,
,,,,Paripooranam Nursery & Primary School,Matric/State,,,,,Manur Town Sector,,,,,,,
,,,,Vedic Vidyashram (Sankar Nagar Extension Tracking),CBSE,,,,,Thalaiyuthu Industrial Boundary,,,,,,,
,,,Ambasamudram Block,Vikaasa School Ambasamudram,CISCE (ICSE),,,,,Ambasamudram East,,,,,,,
,,,,Merit Matriculation Higher Secondary School,Matriculation,,,,,"Lush Green Campus, Ambasamudram Town",,,,,,,
,,,,Cambridge Matriculation Higher Secondary School,Matriculation,,,,,Agasthiyarpatti Main Road,,,,,,,
,,,,Vels Vidhyalaya CBSE School,CBSE & matric,,,,,"Tenkasi Main Road, Mannarkoil",,,,,,,
,,,,AVRmV Matriculation Higher Secondary School,Matriculation,,,,,"Near Railway Station, Ambasamudram East",,,,,,,
,,,,Lakshmi Vidhya Niketan Matriculation Higher Secondary School,Matriculation,,,,,"Vagaikulam Road, Pannaisankariyar Nagar",,,,,,,
,,,,Aroma Matriculation School,Matriculation,,,,,Solaipuram Sector,,,,,,,
,,,Kalakad Block,National Matriculation Higher Secondary School,Matriculation,,,,,"4, Avudaivilasam St, Kalakkad",,,,,,,
,,,,MVM Vidya Mandir Matriculation Higher Secondary School,Matriculation,,,,,"Dohnavur Road, Kalakad",,,,,,,
,,,,Janaki Krishna Vidya Mandir School,CBSE,,,,,"Singikulam - Kaduvetti Rd, Padmaneri",,,,,,,
,,,,Sri Venkateswara Nursery & Primary School,Matric/State,,,,,"3/246, Kovilpathu Street",,,,,,,
,,,,K A M P Meerania High School,Matriculation,,,,,"Kovilpathu Sector, Kalakkad",,,,,,,
,,,,M.V.M Cambridge Vidya Mandir,Matric/State,,,,,"Mavadi Region, Kalakad Perimeter",,,,,,,
,,,Tirunelveli Urban,Francis Xavier School (CBSE),CBSE,,,,,"North By-Pass Road, Vannarpettai",,,,,,,
,,,,Little Flower Matriculation Higher Secondary School,Matriculation,,,,,"Cheranmahadevi Road, Tirunelveli Town",,,,,,,
,,,,Vedic Vidyashram,CBSE,,,,,"Madurai Road, Thachanallur",,,,,,,
,,,,Vivekananda Vidhyashram Matric Hr Sec School,Matriculation,,,,,"South Bypass Road, Vannarpettai",,,,,,,
,,,,Rose Mary Ideal Public School,CBSE,,,,,Tirunelveli Town Sector,,,,,,,
,,,,Socratees Matriculation School,Matriculation,,,,,"Sengundhar Street, Nellai Nagaram",,,,,,,
,,,,Jose Smart School,CBSE/Primary,,,,,Pothigai Nagar Sector,,,,,,,
,,,,Nivedhita Matric Higher Secondary School,Matriculation,,,,,"Tenkasi Road, Gandhi Nagar",,,,,,,
,,,,Sri Krishna Play School,International/Prep,,,,,"Kailash Nagar, Vannarpettai",,,,,,,
,,,Nanguneri Block,National Matriculation Higher Secondary School (Branch),Matriculation,,,,,"Eruvadi Road, Nanguneri Town",,,,,,,
,,,,Sri Ramakrishna Vidyalaya Matric School,Matriculation,,,,,Nanguneri Main Sector,,,,,,,
,,,,Raja's Nursery and Primary School,Matric/State,,,,,Ittamozhi Road Junction,,,,,,,
,,,,St. John's Matriculation School,Matriculation,,,,,Nanguneri Perimeter Boundary,,,,,,,
,,,,MVM Vidya Mandir (Extension Track),CBSE,,,,,"Eruvadi Region, Nanguneri Taluk",,,,,,,
,,,,Sri Krishna Nursery & Primary School,Matric/State,,,,,Maruthankulam Sector,,,,,,,
,,,Valliyoor Block,The Merit Matriculation Higher Secondary School,Matriculation,,,,,"Idaiyangudi Road, Valliyoor",,,,,,,
,,,,Kings School (CBSE Track),CBSE,,,,,"Kings Nagar, Puduananthapuram",,,,,,,
,,,,Keins Matriculation Higher Secondary School,Matriculation,,,,,"Ervadi Road, Valliyoor Town",,,,,,,
,,,,St. Joseph's Matriculation Higher Secondary School,Matriculation,,,,,"Panagudi Perimeter, Valliyoor",,,,,,,
,,,,Vivekananda Kendra Vidyalaya Hurda,CBSE,,,,,Valliyoor Town Sector,,,,,,,
,,,,New Sunrise Nursery and Primary School,Matric/State,,,,,"Main Bazar, Valliyoor Center",,,,,,,
,,,,Our Lady of Fatima Matriculation School,Matriculation,,,,,"Fatima Nagar, Block Border",,,,,,,
,,,Radhapuram Block,Anuvijay Public School,CBSE,,,,,"Anu Vijay Township, Koodankulam",,,,,,,
,,,,T.E.L.C. Matriculation Higher Secondary School,Matriculation,,,,,"Radhapuram Road, Vallioor",,,,,,,
,,,,Sri Ramakrishna Vidyalaya Matriculation Higher Secondary School,Matriculation,,,,,Tisayanvilai Sector,,,,,,,
,,,,Francis Xavier School (Branch Track),CBSE,,,,,Vallioor Perimeter,,,,,,,
,,,,Amali Matriculation Higher Secondary School,Matriculation,,,,,"Panagudi Region, Radhapuram Taluk",,,,,,,
,,,,Kings School,CBSE / Global,,,,,"Kings Nagar, Puduananthapuram",,,,,,,
,,,,Good Shepherd Nursery and Primary School,Matric/State,,,,,Radhapuram Town Sector,,,,,,,
,,,Pappakudi Block,M.S.V. Matriculation Higher Secondary School,Matriculation,,,,,"Mukkudal Road, Pappakudi",,,,,,,
,,,,Vels Vidhyalaya CBSE School (Mukkudal Track),CBSE,,,,,"Mukkudal Sector, Pappakudi Taluk",,,,,,,
,,,,Sri Paramakalyani Nursery & Primary School (Branch),Matric/State,,,,,Pappakudi Town Junction,,,,,,,
,,,,St. Joseph's Matriculation School,Matriculation,,,,,Mukkudal Perimeter Boundary,,,,,,,
,,,,Sri Krishna Nursery & Primary School,Matric/State,,,,,Maranthai Region Route,,,,,,,
,,,Palayamkottai Urban,Pushpalata Vidya Mandir Senior Secondary School,CBSE,,,,,Thiyagaraja Nagar,,,,,,,
,,,,Rosemary School Of Excellence,CBSE,,,,,"Isaac Nagar, NGO New Colony",,,,,,,
,,,,Bell Matriculation Higher Secondary School,Matriculation,,,,,Tiruchendur Road,,,,,,,
,,,,Sri Jayendra Swamigal Silver Jubilee School,Matriculation,,,,,"2nd Main Road, Maharaja Nagar",,,,,,,
,,,,St. Paul's Matriculation School,Matriculation,,,,,Perumalpuram Sector,,,,,,,
,,,,Magdalene Matriculation Higher Secondary School,Matriculation,,,,,High Ground Road,,,,,,,
,,,,Rose Mary Public School,CBSE,,,,,"Tuticorin Main Road, V.M. Chatram",,,,,,,
,,,,Aupet Chinmaya Vidyalaya Matriculation School,Matriculation,,,,,Palayamkottai Town Area,,,, ,,,
,,,,Pushpalata British International School,International/Prep,,,,,"Sivanthipatti Road, Thiyagaraja Nagar",,,,,,,
,,,Palayamkottai Rural,Vels Vidhyalaya CBSE School,CBSE,,,,,"Velammal Nagar, Sivalaperi Road",,,,,,,
,,,,Holy Angels BCV International School,CBSE,,,,,"NH 44, Caussanelpuram, Konganthanparai",,,,,,,
,,,,Sri Sarada Higher Secondary School,Matriculation,,,,,"Ariyakulam, Teachers Colony",,,,,,,
,,,,Sri Sathya Sai Balagurukulam Matriculation School,Matriculation,,,,,"No.127/11, Sivalaperi Road Sector",,,,,,,
,,,,IIP Laxmi Raman Global School,CBSE,,,,,"Laxmi Raman Nagar, Uthamapandian Kulam",,,,,,,
,,,,Pushpalata Matriculation School (Rural Extension Track),Matriculation,,,,,Sivanthipatti Road Sector,,,,,,,
,,Tenkasi,Alangulam Block,Merit Matriculation Higher Secondary School,Matriculation,,,,,"Idaikal Main Road, Alangulam",,,,,,,
,,,,Sri Ramakrishna Vidyalaya Matric Higher Sec School,Matriculation,,,,,"Ambasamudram Road, Alangulam Town",,,,,,,
,,,,Sardar Raja Mission School,CBSE,,,,,"Raja Nagar, Alangulam Perimeter",,,,,,,
,,,,Rose Mary Matriculation School (Branch Track),Matriculation,,,,,"Netthur Cross, Alangulam",,,,,,,
,,,,St. Joseph's Nursery & Primary School,Matric/State,,,,,"Main Bazar Sector, Alangulam",,,,,,,
,,,,Vedha Vikas School Of Excellence,CBSE-Primary,,,,,Maranthai Region Boundary,,,,,,,
,,,Kadayanallur Block,Best International School,CBSE,,,,,"Kambaneri, Kadayanallur",,,,,,,
,,,,King Universe Matriculation Higher Secondary School,Matriculation,,,,,"NH 744, Krishnapuram",,,,,,,
,,,,Sathana Vidyalaya,CBSE,,,,,"Bala Arunachala Puram, Pettai",,,,,,,
,,,,New Cambridge Matriculation School,Matriculation,,,,,"Velayuthapuram Road, Mangalapuram",,,,,,,
,,,,Everest Matriculation Higher Secondary School,Matriculation,,,,,"Everest Nagar, Kadayanallur",,,,,,,
,,,,Wisdom Matriculation Higher Secondary School,Matriculation,,,,,"Main Sector, Kadayanallur Town",,,,,,,
,,,,Al Azhar Matriculation Higher Secondary School,Matriculation,,,,,"East Road, Mangalapuram Boundary",,,,,,,
,,,Tenkasi Block,E.R. Higher Secondary School,Matriculation,,,,,"ER Campus, Tenkasi Town",,,,,,,
,,,,Deepam Public School,CBSE,,,,,"Courtallam Road, Melagaram",,,,,,,
,,,,Sankara Matriculation Higher Secondary School,Matriculation,,,,,"Sankarankovil Road, Tenkasi",,,,,,,
,,,,Lions Matriculation Higher Secondary School,Matriculation,,,,,"Lions Club Road, Courtallam",,,,,,,
,,,,Sri Nachiar Vidyalaya CBSE School (Tenkasi Track),CBSE,,,,,Piranoor Border Sector,,,,,,,
,,,,Oxford Nursery and Primary School,Matric/State,,,,,"Matha Kovil Street, Tenkasi",,,,,,,
,,,,Kings Kids Prep School,International/Prep,,,,,"Main Sector, Melagaram",,,,,,,
,,,Keelapavoor Block,St. Assisi Matriculation Higher Secondary School,Matriculation,,,,,Pavoorchatram Sector,,,,,,,
,,,Kadayam Block,Adarsh Vidyalaya Matriculation Higher Secondary School,Matriculation,,,,,"Vasagiri Nagar, Narayappapuram",,,,,,,
,,,Keelapavoor Block,Siva Sakthi Vidyalaya CBSE School,CBSE,,,,,"Avudiyanoor, Sivasailanoor Rd",,,,,,,
,,,Keelapavoor Block,Annai Velankanni Matric Higher Sec School,Matriculation,,,,,"Avudayanoor Road, Kallurani",,,,,,,
,,,Kadayam Block,Sri Paramakalyani Nursery & Primary School,Matric/State,,,,,Kadayam Town Junction,,,,,,,
,,,Keelapavoor Block,Pioneer International CBSE School,CBSE,,,,,"Thenpothai, Kanakkapillaivalasai",,,,,,,
,,,Kadayam Block,Sarguna Sathiya Vidhyalaya Higher Secondary School,Matriculation,,,,,"Main Road, Koviloothu",,,,,,,
,,,Sankarankovil Block,Sri Vaiyapuri Vidhyalaya Matriculation School,Matriculation,,,,,"Rajapalayam Road, Thiruvudaiyan Salai",,,,,,,
,,,,Avk International Residential School,CBSE,,,,,"Rajapalayam Main Road, Sankarankoil Tirunelveli Road",,,,,,,
,,,,Sri Mahalakshmi Matric Higher Secondary School,Matriculation,,,,,Sankarankoil Tirunelveli Road,,,,,,,
,,,,Imam Gazzali (Rah) Oriental Matriculation School,Matriculation,,,,,Sankarankoil Tirunelveli Road,,,,,,,
,,,,The Prakash Matriculation School,Matriculation,,,,,"No 1/161, Main Road, Panavadalichatram",,,,,,,
,,,,Sri Gomathi Ambal Matric Higher Secondary School,Matriculation,,,,,Sankarankovil Town Sector,,,,,,,
,,,,St. Joseph Public School,CBSE,,,,,"Serndamaram, Sankarankovil Taluk",,,,,,,
,,,,Seventh Day Adventist Matriculation Higher Secondary School,Matriculation,,,,,Sankarankovil Town Region,,,,,,,
,,,Kuruvikulam Block,Sri Mahalakshmi Matric Higher Secondary School (Branch),Matriculation,,,,,Kuruvikulam Main Road,,,,,,,
,,,,The Prakash Matriculation School,Matriculation,,,,,Sankarankoil Road Sector,,,,,,,
,,,,K.M. Higher Secondary School,Matric/State,,,,,Thiruvenkatam Boundary,,,,,,,
,,,,Raja's Nursery and Primary School,Matric/State,,,,,Kuruvikulam Town Junction,,,,,,,
,,,,St. Joseph's Matriculation School,Matriculation,,,,,Kalingapatty Perimeter,,,,,,,
,,,,Sri Krishna Academy Nursery & Primary School,Matric/State,,,,,Ilayarasanendal Region,,,,,,,
,,,Vasudevanallur Block,Senaithalaivar Matriculation Higher Secondary School,Matriculation,,,,,"Chinthamani Road, Puliyangudi",,,,,,,
,,,,Avk International Residential School (Sivagiri Track),CBSE,,,,,Sivagiri Road Perimeter,,,,,,,
,,,,National Central School,CBSE,,,,,Vasudevanallur Town Sector,,,,,,,
,,,,Sri Parasakthi Matric Higher Secondary School,Matriculation,,,,,Puliyangudi Sector Boundary,,,,,,,
,,,,Raja Nursery and Primary School,Matric/State,,,,,Vasudevanallur Town Junction,,,,,,,
,,,,Kannadasan Matriculation School,Matriculation,,,,,Rayagiri Region Perimeter,,,,,,,
,,,Shenkottai Block,Ilanji Velavan Matriculation Higher Secondary School,Matriculation,,,,,"Shencottah Main Road, Ilanji",,,,,,,
,,,,Sri Ramakrishna Vidyalaya Matric Higher Sec School (Branch Track),Matriculation,,,,,Shenkottai Town Sector,,,,,,,
,,,,Sardar Raja Mission School (Shengottah Track),CBSE,,,,,Shenkottai Perimeter Boundary,,,,,,,
,,,,Rose Mary Matriculation School (Extension Track),Matriculation,,,,,"Panpoli Road, Shenkottai",,,,,,,
,,,,St. Joseph's Nursery & Primary School,Matric/State,,,,,"Main Bazar Sector, Shenkottai Town",,,,,,,
,,,,Vedha Vikas School Of Excellence,CBSE-Primary,,,,,Shenkottai Boundary Sector,,,,,,,
,,,Melaneelithanallur Block,Sri Vaiyapuri Vidhyalaya Matriculation School (Branch Track),Matriculation,,,,,Sankarankoil Main Road,,,,,,,
,,,,The Prakash Matriculation School,Matriculation,,,,,Melaneelithanallur Sector,,,,,,,
,,,,Avk International Residential School (Extension Track),CBSE,,,,,Melaneelithanallur Boundary,,,,,,,
,,,,Raja's Nursery and Primary School,Matric/State,,,,,Melaneelithanallur Town Junction,,,,,,,
,,,,Sri Krishna Academy Nursery & Primary School,Matric/State,,,,,Local Village Region,,,,,,,
,,Thoothukudi,Alwarthirunagari,Sri Alwar Vidhyalaya CBSE School,CBSE,,,,,Alwarthirunagari Main,,,,,,,
,,,,Margoschis Matriculation School,Matriculation,,,,,Nazareth,,,,,,,
,,,,James Memorial Matric Higher Sec School,Matriculation,,,,,Prakasapuram,,,,,,,
,,,,Malaviya Nursery and Primary School,Matriculation,,,,,Vadambogi Street,,,,,,,
,,,,Godneethan Nursery & Primary School,Matriculation,,,,,South Authoor,,,,,,,
,,,,Nightingale Nursery & Primary School,Matriculation,,,,,Nazareth Town,,,,,,,
,,,,Proposed Sucila Maharajan School,Private / CBSE Link,,,,,Alwarthirunagari Rural,,,,,,,
,,,,Senthil Murugan Matric Higher Sec School,Matriculation,,,,,Alwarthirunagari Road,,,,,,,
,,,,St. James Matriculation School,Matriculation,,,,,Srivaikuntam Border,,,,,,,
,,,,Sri Ramakrishna Vidhalaya Matric School,Matriculation,,,,,Srivaikuntam Highway,,,,,,,
,,,,Kamarajar Matriculation School,Matriculation,,,,,Thenthirupathi Link Road,,,,,,,
,,,,Holy Angels Nursery and Primary School,Matriculation,,,,,Bazaar Street,,,,,,,
,,,Karungulam,Meera Matriculation School,Matriculation,,,,,Manakarai,,,,,,,
,,,,T.V.Rama Subiar Hindu Vidhyalaya Matric Hr Sec School,Matriculation,,,,,Srivaikuntam Border,,,,,,,
,,,,Jos Nursery & Primary School,Matriculation,,,,,Seydunganallur,,,,,,,
,,,,IIPE Laxmiraman Matriculation Higher Secondary School,Matriculation,,,,,Karungulam Rural,,,,,,,
,,,,Sri Jayendra Swamigal Vidhya Kendra CBSE School,CBSE,,,,,Karungulam Main Road,,,,,,,
,,,,Nizams School,Matriculation,,,,,Karungulam Interior,,,,,,,
,,,,St. Lucia Primary & Nursery School (Unaided Wing),Matriculation,,,,,Seydunganallur,,,,,,,
,,,Kayathar,Veeramunivar Matriculation Higher Secondary School,Matriculation,,,,,Kayathar Town,,,,,,,
,,,,Sri Ramakrishna Vidyalaya Matric School,Matriculation,,,,,Kovilpatti-Kayathar Road,,,,,,,
,,,,Rajarathnam Nursery & Primary School,Matriculation,,,,,Bazaar Street,,,,,,,
,,,,Annai Velankanni Matriculation School,Matriculation,,,,,Kayathar West,,,,,,,
,,,,Immanuel Matriculation School,Matriculation,,,,,Kalugumalai Road Link,,,,,,,
,,,,St. Marys Nursery & Primary School,Matriculation,,,,,Kayathar Interior,,,,,,,
,,,,Proposed NewGen Smart CBSE Campus,CBSE Link,,,,,Kayathar Junction,,,,,,,
,,,Kovilpatti,Lakhsmi Mills Matriculation Higher Secondary School,Matriculation,,,,,Lakshmipuram,,,,,,,
,,,,Ravilla K.R.A. Vidyashram CBSE School,CBSE,,,,,K.R. Nagar,,,,,,,
,,,,A.V.M. Kamalavati Matriculation Higher Secondary School,Matriculation,,,,,Inam Maniyachi,,,,,,,
,,,,K.R. Vidyalaya CBSE School,CBSE,,,,,K.R. Nagar,,,,,,,
,,,,National Engineering College Campus CBSE School,CBSE,,,,,"K.R. Nagar, Nalattinputhur",,,,,,,
,,,,St. John's Matriculation Higher Secondary School,Matriculation,,,,,Kovilpatti Town,,,,,,,
,,,,Crescent Matriculation Higher Secondary School,Matriculation,,,,,Sattur Road,,,,,,,
,,,,Sri Ramana Maharishi Matriculation School,Matriculation,,,,,New Road,,,,,,,
,,,,Holy Cross Nursery & Primary School,Matriculation,,,,,Kovilpatti Main,,,,,,,
,,,,Bharathi Vidyalaya Nursery & Primary School,Matriculation,,,,,Kovilpatti East,,,,,,,
,,,,V.O.C. Matriculation Higher Secondary School,Matriculation,,,,,Ottapidaram Town,,,,,,,
,,,,Sri Lalitha Tripura Sundari Matriculation School,Matriculation,,,,,Kollamparambu,,,,,,,
,,,,Good Shepherd Nursery & Primary School,Matriculation,,,,,Bazaar Street,,,,,,,
,,,,St. Joseph Nursery & Primary School,Matriculation,,,,,Ottapidaram Local,,,,,,,
,,,,Veerapandiya Kattabomman Matric School,Matriculation,,,,,Panchalankurichi Link,,,,,,,
,,,Pudur,C.K.T Matriculation Higher Secondary School,Matriculation,,,,,Ettaiyapuram-Pudur Road,,,,,,,
,,,,Shree Vivekanantha Vidyalaya Matric School,Matriculation,,,,,Pudur Block Main,,,,,,,
,,,,Sri Ambal Vidhyalaya CBSE School,CBSE,,,,,Pudur Zone Link,,,,,,,
,,,,Galaxy Nursery & Primary School,Matriculation,,,,,Pudur Local,,,,,,,
,,,,St. Charles Matriculation Higher Secondary School,Matriculation,,,,,Pudur-Vilathikulam Border,,,,,,,
,,,,Nursery and Primary Feeder School,Matriculation,,,,,Pudur Town Boundary,,,,,,,
,,,Sathankulam,Mary Immaculate Matriculation Higher Secondary School,Matriculation,,,,,Kanniyakumari-Tiruchendur Road,,,,,,,
,,,,Ave Maria Matric Higher Secondary School,Matriculation,,,,,Pannamparai Junction,,,,,,,
,,,,Jay International School,CBSE,,,,,Megnanapuram Road,,,,,,,
,,,,Henriy Matriculation Higher Secondary School,Matriculation,,,,,Kalunguvilai Road,,,,,,,
,,,,S.D.A Nursery and Primary School,Matriculation,,,,,Sathankulam Main,,,,,,,
,,,,Anitha Kumaran Matric Higher Secondary School,Matriculation,,,,,Thandupathu Link Border,,,,,,,
,,,,Ranjiaaron Memorial Matriculation School,Matriculation,,,,,Sathankulam Town,,,,,,,
,,,Srivaikuntam,T.V.Rama Subiar Hindu Vidhyalaya Matric Hr Sec School,Matriculation,,,,,Srivaikuntam Main,,,,,,,
,,,,Amali Matriculation Higher Secondary School,Matriculation,,,,,Srivaikuntam Town,,,,,,,
,,,,St. Marys Nursery & Primary School,Matriculation,,,,,Bazaar Street,,,,,,,
,,,,Immanuel Matriculation School,Matriculation,,,,,Srivaikuntam Interior,,,,,,,
,,,,Sri Ramakrishna Vidhalaya Matric School,Matriculation,,,,,Srivaikuntam-Alwar Highway,,,,,,,
,,,,Little Flower Nursery and Primary School,Matriculation,,,,,Srivaikuntam Town Boundary,,,,,,,
,,,Thoothukudi Rural,BMC Matriculation Higher Secondary School,Matriculation,,,,,Muthiahpuram,,,,,,,
,,,,Bona Secours Matriculation School,Matriculation,,,,,Korampallam,,,,,,,
,,,,Dr. Sivanthi Aditanar Matriculation Higher Secondary School,Matriculation,,,,,Milavittan,,,,,,,
,,,,Sakthi Vinayagar Hindu Vidyalaya,CBSE,,,,,Maravanmadam,,,,,,,
,,,,St. Joseph's Nursery & Primary School,Matriculation,,,,,Mappilaiurani,,,,,,,
,,,,Holy Cross Public School,CBSE Link,,,,,Thoothukudi Rural Link,,,,,,,
,,,Tiruchendur,Senthil Murugan Matric Higher Sec School,Matriculation,,,,,Tiruchendur Town,,,,,,,
,,,,Anitha Kumaran Matric Higher Secondary School,Matriculation,,,,,Paramankurichi Road,,,,,,,
,,,,Pearl Public School,CBSE,,,,,Keela Tiruchendur,,,,,,,
,,,,Subbiah Vidyalayam Matric Higher Sec School,Matriculation,,,,,Sannidhi Street,,,,,,,
,,,,Kamarajar Matriculation Higher Secondary School,Matriculation,,,,,Thenthirupathi Link,,,,,,,
,,,,Good Shepherd Nursery & Primary School,Matriculation,,,,,Tiruchendur Local,,,,,,,
,,,,St. Mary's Matriculation School,Matriculation,,,,,Veerapandianpatnam Link,,,,,,,
,,,Thoothukudi Urban,Vikasa School,ICSE / ISC,,,,,Millerpuram,,,,,,,
,,,,Subbiah Vidyalayam Lalitha Nagar CBSE School,CBSE,,,,,Lalitha Nagar,,,,,,,
,,,,St. Thomas Matriculation Higher Secondary School,Matriculation,,,,,George Road,,,,,,,
,,,,Kamlavati Higher Secondary School,Matriculation,,,,,Muthiahpuram,,,,,,,
,,,,Holy Cross Anglo-Indian Higher Secondary School (Unaided Block),Anglo-Indian / State,,,,,W.G.C. Road,,,,,,,
,,,,BMC Matriculation Higher Secondary School,Matriculation,,,,,Tiruchendur Road,,,,,,,
,,,,Star Excel Public School,CBSE,,,,,Polpettai,,,,,,,
,,,,Our Lady of Snows Matriculation School,Matriculation,,,,,Cruz Puram,,,,,,,
,,,Vilathikulam,St. Charles Matriculation Higher Secondary School,Matriculation,,,,,Kovilpatti Road,,,,,,,
,,,,Ambal Vidhyalaya CBSE School,CBSE,,,,,Pudur-Vilathikulam Link,,,,,,,
,,,,Good Shepherd Nursery & Primary School,Matriculation,,,,,Bazaar Street,,,,,,,
,,,,Dr. S. Radhakrishnan Matriculation School,Matriculation,,,,,Madurai Road Link,,,,,,,
,,,,Sacred Heart Nursery and Primary School,Matriculation,,,,,Vilathikulam Town,,,,,,,
,,,Udangudi,Sri Ramakrishna Vidyalaya Matric Higher Secondary School,Matriculation,,,,,Udangudi Town,,,,,,,
,,,,St. Mary's Matriculation Higher Secondary School,Matriculation,,,,,Paramankurichi Road,,,,,,,
,,,,Holy Angels Nursery & Primary School,Matriculation,,,,,Bazaar Street,,,,,,,
,,,,Arun Matriculation School,Matriculation,,,,,Kulasekarapatnam Road,,,,,,,
,,,,Kings Nursery and Primary School,Matriculation,,,,,Udangudi Local,,,,,,,
,,,,Grace Matriculation School,Matriculation,,,,,Christianagaram Link,,,,,,,
,,Kanyakumari,Agasteeswaram,Amrita Vidyalayam,CBSE,,,,,Nagercoil,,,,,,,
,,,,Excel Central School,CBSE,,,,,Pallavilai,,,,,,,
,,,,Shri Ramakrishna Vidyalaya Matric Higher Sec School,Matriculation,,,,,Kottar,,,,,,,
,,,,St. Joseph's Matriculation Higher Secondary School,Matriculation,,,,,Asaripallam Road,,,,,,,
,,,,Vikas National School,CBSE,,,,,Konam,,,,,,,
,,,,Adarsh Vidya Kendra (AVK),CBSE,,,,,Vettoornimadam,,,,,,,
,,,,Pioneer Kumaraswamy Vidyalaya,Matriculation,,,,,Vetturnimadam,,,,,,,
,,,,Holy Family Nursery & Primary School,Matriculation,,,,,Agasteeswaram Town,,,,,,,
,,,,St. Mary's Matriculation School,Matriculation,,,,,Puthalam,,,,,,,
,,,Thovalai,LHL CBSE School,CBSE,,,,,Visuvasapuram,,,,,,,
,,,,Ramalekshmi Vidyalaya Matric School,Matriculation,,,,,Thovalai Flower Market,,,,,,,
,,,,Annai Chellammal CBSE School,CBSE,,,,,Thiruppathisaram,,,,,,,
,,,,Comorin International School,ICSE / ISC,,,,,Aralvaimozhi,,,,,,,
,,,,Pearl Matric Higher Secondary School,Matriculation,,,,,Theroor Road,,,,,,,
,,,,Isha Vidhya Matriculation Hr. Sec. School,Matriculation,,,,,"Kurandi, Theroor",,,,,,,
,,,,Srinivasa Matriculation School,Matriculation,,,,,Boothapandi,,,,,,,
,,,,Muhammadiya Nursery & Primary School,Matriculation,,,,,Thittuvilai,,,,,,,
,,,Rajakkamangalam,ISED Matriculation Higher Secondary School,Matriculation,,,,,Parakkai,,,,,,,
,,,,Belfield Matriculation Higher Secondary School,Matriculation,,,,,Asaripallam Link Road,,,,,,,
,,,,E.D. Willmott Memorial Seventh Day Adventist School,Matriculation,,,,,Rajakkamangalam Main,,,,,,,
,,,,Sri Ramji Matriculation Higher Secondary School,Matriculation,,,,,Rajakkamangalam Interior,,,,,,,
,,,,Alpha Matriculation Higher Secondary School,Matriculation,,,,,Rajakkamangalam Junction,,,,,,,
,,,,Little Kingdom Montessori School,Matriculation Link,,,,,Eathamozhi Road,,,,,,,
,,,,Jayanthi Ramesh Nursery & Primary School,Matriculation,,,,,Ganapathipuram,,,,,,,
,,,Thuckalay,Amrita Vidyalayam,CBSE,,,,,Kozhiporvilai,,,,,,,
,,,,Excel Central School,CBSE,,,,,Thuckalay Road,,,,,,,
,,,,Sacred Heart Matriculation Higher Secondary School,Matriculation,,,,,Padmanabhapuram Link,,,,,,,
,,,,St. John's Matriculation Higher Secondary School,Matriculation,,,,,Thuckalay Town,,,,,,,
,,,,N.V.K.S. Matriculation Higher Secondary School,Matriculation,,,,,Attoor Road,,,,,,,
,,,,Dr. Jeyasekharan Medical Trust School (Foundations),Private / Kindergarten Link,,,,,Thuckalay Interior,,,,,,,
,,,,St. Mary's Nursery & Primary School,Matriculation,,,,,Mulagumoodu,,,,,,,
,,,Killiyoor,St. Jude's College School Wing (Unaided),Matriculation,,,,,Thoothoor,,,,,,,
,,,,Christs Central School,CBSE,,,,,"Kaliyakkavilai Road, Killiyoor",,,,,,,
,,,,Holy Angels Matriculation Higher Secondary School,Matriculation,,,,,Kallukoottam,,,,,,,
,,,,St. Mary's Matriculation School,Matriculation,,,,,Marthandam Link Road,,,,,,,
,,,,Good Shepherd Nursery & Primary School,Matriculation,,,,,Killiyoor Town Main,,,,,,,
,,,,Al-Ameen Nursery & Primary School,Matriculation,,,,,Palapallam,,,,,,,
,,,,Pioneer Memorial Matriculation School,Matriculation,,,,,Kizhkulam,,,,,,,
,,,Kurunthancode,St. Aloysius Matriculation Higher Secondary School,Matriculation,,,,,Vaniyakudy,,,,,,,
,,,,Vins Christian Matriculation Higher Secondary School,Matriculation,,,,,Chunkankadai Link Road,,,,,,,
,,,,St. Antony's Matriculation School,Matriculation,,,,,Kurunthancode Town Main,,,,,,,
,,,,Mother Theresa Matriculation School,Matriculation,,,,,"Muttam Road, Thingalnagar",,,,,,,
,,,,Little Flower Nursery & Primary School,Matriculation,,,,,Neyyoor Link,,,,,,,
,,,,Good Shepherd Nursery and Primary School,Matriculation,,,,,Kurunthancode Interior,,,,,,,
3,Central Tamilnadu,Tiruchirappalli,Andhanallur,Sri Akilandeswari Vidyalaya,CBSE,,,,,Andhanallur Zone Main,,,,,,,
,,,,Chinmaya Vidyalaya Matric Hr Sec School,Matriculation,,,,,Srirangam Border Link,,,,,,,
,,,,Mathura Vidhyalaya Matric Higher Secondary School,Matriculation,,,,,"Kulumani Road, Periyakaruppur",,,,,,,
,,,,K N R Vidhyalaya,CBSE,,,,,Andhanallur Extension,,,,,,,
,,,,Brindavan Vidyalaya,CBSE Link,,,,,Thiruvanaikoil Stretches,,,,,,,
,,,,The Kalaivaani Matriculation School,Matriculation,,,,,Dr. Rajan School Road,,,,,,,
,,,,Donn Nursery and Primary School,Matriculation,,,,,Kulumani Main Area,,,,,,,
,,,,Dr. G. Chittrambalam Matriculation School,Matriculation,,,,,Jeeyapuram Link,,,,,,,
,,,Lalgudi,Sai Vidhyalaya Senior Secondary School,CBSE,,,,,Thirumangalam Road,,,,,,,
,,,,Nest Matriculation Higher Secondary School,Matriculation,,,,,Akilandeshwari Nagar,,,,,,,
,,,,Lalgudi Lions Matriculation School,Matriculation,,,,,"Swargaraj Nagar, Main Road",,,,,,,
,,,,Sri Vetri Vidhyalaya Public School,CBSE,,,,,E.Vellanur,,,,,,,
,,,,Christ The King CBSE Public School,CBSE,,,,,"Assisipuram, Nedungur",,,,,,,
,,,,Sri Vivekananda Matriculation School,Matriculation,,,,,"NH 81, Umar Nagar",,,,,,,
,,,,St.John's Nursery & Primary School,Matriculation,,,,,L. Abishekapuram,,,,,,,
,,,,Peni-El Nursery & Primary School,Matriculation,,,,,Lalgudi Town,,,,,,,
,,,Manachanallur,Vageesha Vidhyalaya Senior Secondary School,CBSE,,,,,Inam Samayapuram,,,,,,,
,,,,Alpha Wisdom Vidyashram CBSE School,CBSE,,,,,Samayapuram Kariyamanickam Road,,,,,,,
,,,,Maheshwari Matriculation Higher Secondary School,Matriculation,,,,,Bicchandarkoil Link,,,,,,,
,,,,Vignesh Sri Sri Matriculation School,Matriculation,,,,,No.1 Tollgate,,,,,,,
,,,,Santhanam Vidhyalaya CBSE School,CBSE Link,,,,,Samayapuram Link Highway,,,,,,,
,,,,Sree Kumaran Matriculation School,Matriculation,,,,,Thuraiyur Main Road,,,,,,,
,,,,National Nursery & Primary School,Matriculation,,,,,Poonampalayam,,,,,,,
,,,,Suriya Nursery and Primary School,Matriculation,,,,,Manachanallur Town,,,,,,,
,,,Manapparai,St. John's Matriculation Higher Secondary School,Matriculation,,,,,Trichy Road,,,,,,,
,,,,Vidhya Seva Matric Higher Secondary School,Matriculation,,,,,Kovilpatti Road,,,,,,,
,,,,Child Jesus Matriculation School,Matriculation,,,,,Manapparai Town Main,,,,,,,
,,,,Sri Vigneshwara Matriculation School,Matriculation,,,,,Dindigul Road Link,,,,,,,
,,,,Golden Gates Public School,CBSE Link,,,,,Manapparai Extension,,,,,,,
,,,,Infant Jesus Nursery & Primary School,Matriculation,,,,,Sevvandhipatti Link,,,,,,,
,,,,Saraswathi Nursery and Primary School,Matriculation,,,,,Manapparai Town,,,,,,,
,,,Manikandam,Alpha Wisdom Vidyashram CBSE School,CBSE,,,,,K K Nagar (Manikandam Link),,,,,,,
,,,,Montfort School,CBSE,,,,,Kattur (Manikandam Zone),,,,,,,
,,,,Care International School,CBSE,,,,,Trichy-Madurai Bypass Road,,,,,,,
,,,,Santhanam Vidhyalaya Senior Secondary School,CBSE,,,,,Kallikudi,,,,,,,
,,,,St. Joseph's Matriculation Higher Secondary School,Matriculation,,,,,Manikandam Main Road,,,,,,,
,,,,National College Higher Secondary School (Private Wing),Matriculation,,,,,Nagammai Nagar Link,,,,,,,
,,,,Good Shepherd Nursery & Primary School,Matriculation,,,,,Manikandam Town Main,,,,,,,
,,,,Sri Vignesh Nursery and Primary School,Matriculation,,,,,Manikandam Interior,,,,,,,
,,,Marungapuri,St. Charles Matriculation Higher Secondary School,Matriculation,,,,,Thuvarankurichi Main,,,,,,,
,,,,Shri Ambal Vidhyalaya Public School,CBSE Link,,,,,Madurai-Trichy Highway Link,,,,,,,
,,,,Immanuel Matriculation School,Matriculation,,,,,Thuvarankurichi Local,,,,,,,
,,,,Good Shepherd Nursery & Primary School,Matriculation,,,,,Bazaar Street,,,,,,,
,,,,Vivekananda Nursery and Primary School,Matriculation,,,,,Marungapuri Town Main,,,,,,,
,,,,St. Mary's Primary Feeder School,Matriculation,,,,,Marungapuri Interior,,,,,,,
,,,Musiri,Santhanam Vidhyalaya Senior Secondary School,CBSE,,,,,Thuraiyur Main Road,,,,,,,
,,,,Vignesh Sri Sri Matriculation Higher Secondary School,Matriculation,,,,,"Trichy Road, Musiri",,,,,,,
,,,,Maheshwari Matriculation School,Matriculation,,,,,Musiri Town Main,,,,,,,
,,,,Sri Vetri Vidhyalaya Public School,CBSE Link,,,,,Peramangalam Link,,,,,,,
,,,,Good Shepherd Nursery & Primary School,Matriculation,,,,,Bazaar Street,,,,,,,
,,,,St. Joseph's Primary School,Matriculation,,,,,Musiri Local,,,,,,,
,,,,Saraswathi Nursery and Primary School,Matriculation,,,,,Musiri Interior,,,,,,,
,,,Pullambadi,Sai Vidhyalaya Senior Secondary School,CBSE,,,,,Lalgudi-Pullambadi Link Road,,,,,,,
,,,,St. Joseph's Matriculation School,Matriculation,,,,,Pullambadi Town Main,,,,,,,
,,,,Christ The King Public School,CBSE Link,,,,,Nedungur Stretches,,,,,,,
,,,,Good Shepherd Nursery & Primary School,Matriculation,,,,,Bazaar Street,,,,,,,
,,,,Sri Vivekananda Nursery and Primary School,Matriculation,,,,,Pullambadi Local,,,,,,,
,,,,St. Mary's Primary Feeder School,Matriculation,,,,,Pullambadi Interior,,,,,,,
,,,Thathaiyengarpet,Santhanam Vidhyalaya Matric School,Matriculation,,,,,Musiri Road Links,,,,,,,
,,,,Vignesh Sri Sri Public School,CBSE Link,,,,,Thathaiyengarpet Town Main,,,,,,,
,,,,Good Shepherd Nursery & Primary School,Matriculation,,,,,Bazaar Street,,,,,,,
,,,,Sri Vivekananda Nursery and Primary School,Matriculation,,,,,T. Pet Local Stretches,,,,,,,
,,,,St. Joseph's Primary Feeder School,Matriculation,,,,,Thathaiyengarpet Interior,,,,,,,
,,,Thiruverumbur,BHEL Matriculation Higher Secondary School,Matriculation,,,,,Kailasapuram (BHEL Township),,,,,,,
,,,,RSK Higher Secondary School (Private Wing),CBSE,,,,,Thiruverumbur Town Link,,,,,,,
,,,,Montfort School,CBSE,,,,,Kattur Main Road,,,,,,,
,,,,Alpha Wisdom Vidyashram CBSE School,CBSE,,,,,KK Nagar Extension,,,,,,,
,,,,Boiler Plant Boys Higher Secondary School (Unaided Block),Matriculation,,,,,Kailasapuram,,,,,,,
,,,,Sri Srinivasa Matriculation School,Matriculation,,,,,Thiruverumbur Local,,,,,,,
,,,,Good Shepherd Nursery & Primary School,Matriculation,,,,,Bazaar Street,,,,,,,
,,,,St. Mary's Primary School,Matriculation,,,,,Kattur,,,,,,,
,,,Thottiyam,Vignesh Sri Sri Matriculation School,Matriculation,,,,,Musiri-Thottiyam Link,,,,,,,
,,,,Santhanam Vidhyalaya Public School,CBSE Link,,,,,Thottiyam Town Main,,,,,,,
,,,,Good Shepherd Nursery & Primary School,Matriculation,,,,,Bazaar Street,,,,,,,
,,,,Sri Vivekananda Nursery and Primary School,Matriculation,,,,,Thottiyam Local Stretches,,,,,,,
,,,,St. Joseph's Primary Feeder School,Matriculation,,,,,Thottiyam Interior,,,,,,,
,,,Thuraiyur,Sowdambikaa Matriculation Higher Secondary School,Matriculation,,,,,Trichy Road,,,,,,,
,,,,Sri Sowdambikaa CBSE School,CBSE,,,,,Thuraiyur Town Main,,,,,,,
,,,,Vageesha Vidhyalaya Matric School,Matriculation,,,,,Perambalur Road Link,,,,,,,
,,,,Kalaivani Matriculation School,Matriculation,,,,,Thuraiyur Extension,,,,,,,
,,,,Good Shepherd Nursery & Primary School,Matriculation,,,,,Bazaar Street,,,,,,,
,,,,St. Mary's Nursery and Primary School,Matriculation,,,,,Thuraiyur Interior,,,,,,,
,,,,Sri Vivekananda Primary School,Matriculation,,,,,Thuraiyur Town,,,,,,,
,,,Uppiliapuram,Sowdambikaa Matriculation School Link,Matriculation,,,,,Thuraiyur-Uppiliapuram Road,,,,,,,
,,,,Sri Vivekananda Nursery & Primary School,Matriculation,,,,,Uppiliapuram Town Main,,,,,,,
,,,,Good Shepherd Nursery & Primary School,Matriculation,,,,,Bazaar Street,,,,,,,
,,,,St. Joseph's Primary School,Matriculation,,,,,Uppiliapuram Local,,,,,,,
,,,,Green Valley Primary Feeder Camp,CBSE Link,,,,,Sobanapuram Stretches,,,,,,,
,,,,Maruthi Nursery and Primary School,Matriculation,,,,,Uppiliapuram Interior,,,,,,,
,,,Vaiyampatti,St. John's Matriculation School Link,Matriculation,,,,,Manapparai-Vaiyampatti Road,,,,,,,
,,,,Sri Renuga Matriculation School,Matriculation,,,,,Vaiyampatti Town Main,,,,,,,
,,,,Good Shepherd Nursery & Primary School,Matriculation,,,,,Bazaar Street,,,,,,,
,,,,Vivekananda Nursery and Primary School,Matriculation,,,,,Vaiyampatti Local Stretches,,,,,,,
,,,,Infant Jesus Primary Feeder School,Matriculation,,,,,Vaiyampatti Interior,,,,,,,
,,,Trichy Urban,Campuses of Kamala Niketan Montessori School,CBSE,,,,,Collector's Office Road,,,,,,,
,,,,Montfort School,CBSE,,,,,Kattur Main Road,,,,,,,
,,,,St. John's Vestry Anglo-Indian Higher Secondary School (Unaided Block),Anglo-Indian / State,,,,,Cantonment,,,,,,,
,,,,Sri Akilandeswari Vidyalaya,CBSE,,,,,Tiruvanikoil,,,,,,,
,,,,Alpha Plus Matriculation Higher Secondary School,Matriculation,,,,,K K Nagar,,,,,,,
,,,,Santhanam Vidhyalaya Senior Secondary School,CBSE,,,,,Kallikudi,,,,,,,
,,,,Vageesha Vidhyalaya Senior Secondary School,CBSE,,,,,Srirangam Link,,,,,,,
,,,,Savithri Vidyasala Hindu Girls Higher Secondary School (Private Wing),Matriculation,,,,,Amma Mandapam Road,,,,,,,
,,,,Seva Sangam Girls Higher Secondary School (Self-Finance Block),Matriculation,,,,,Lawson's Road,,,,,,,
,,,,RSK Higher Secondary School (Private Wing),CBSE,,,,,Kailasapuram,,,,,,,
,,,Trichy West,Kamala Niketan Montessori School,CBSE,,,,,Collector's Office Road,,,,,,,
,,,,St. John's Vestry Anglo-Indian Higher Secondary School (Private Wing),Anglo-Indian / State,,,,,Cantonment,,,,,,,
,,,,Alpha Plus Matriculation Higher Secondary School,Matriculation,,,,,K K Nagar,,,,,,,
,,,,Care International School,CBSE,,,,,Trichy-Madurai Bypass Road,,,,,,,
,,,,Santhanam Vidhyalaya Senior Secondary School,CBSE,,,,,Kallikudi,,,,,,,
,,,,The Higher Secondary School for Boys (Private Section),Matriculation,,,,,Teppakulam West,,,,,,,
,,,,Good Shepherd Nursery & Primary School,Matriculation,,,,,Tennur,,,,,,,
,,,,Sri Akilandeswari Vidyalaya Matriculation Link,Matriculation,,,,,Allithurai,,,,,,,
,,Thanjavur,Thanjavur Block,Kamala Subramaniam Higher Secondary School,Matriculation,,,,,Vallarai Main Road,,,,,,,
,,,,Maharishi Vidya Mandir,CBSE,,,,,Nanjikottai Road,,,,,,,
,,,,St. Joseph's Matriculation Higher Secondary School,Matriculation,,,,,Trichy Road,,,,,,,
,,,,Maxwell Public School,CBSE,,,,,Pudukkottai Road,,,,,,,
,,,,Yagappa International School,CBSE / IGCSE Link,,,,,Yagappa Nagar,,,,,,,
,,,,Our Lady of Health Matriculation Higher Sec School,Matriculation,,,,,Mariamman Kovil Stretches,,,,,,,
,,,,Kalyanasundaram Higher Secondary School (Private Wing),Matriculation,,,,,Bus Stand Road,,,,,,,
,,,,Good Shepherd Nursery & Primary School,Matriculation,,,,,Bazaar Street,,,,,,,
,,,,Sri Venkateswara Matriculation School,Matriculation,,,,,Medical College Road,,,,,,,
,,,,Plato's Primary Academy,CBSE Link,,,,,Pillaiyarpatti,,,,,,,
,,,Budalur Block,Our Lady of Health Matriculation School,Matriculation,,,,,Budalur Main Road,,,,,,,
,,,,Sri Ramakrishna Vidyalaya Nursery & Primary School,Matriculation,,,,,Sengipatti Link Road,,,,,,,
,,,,Good Shepherd Nursery & Primary School,Matriculation,,,,,Bazaar Street,,,,,,,
,,,,St. Joseph's Primary Feeder Camp,Matriculation,,,,,Budalur Local,,,,,,,
,,,,Vivekananda Nursery and Primary School,Matriculation,,,,,Budalur Town Boundary,,,,,,,
,,,Thiruvaiyaru Block,Amalraj Matriculation Higher Secondary School,Matriculation,,,,,West Main Street,,,,,,,
,,,,Immaculate Matriculation School,Matriculation,,,,,Thiruvaiyaru Town,,,,,,,
,,,,Swamy Abedhanandha Vidhyashram CBSE School,CBSE,,,,,Thiruvaiyaru Rural Stretches,,,,,,,
,,,,Sri Srinivasa Nursery & Primary School,Matriculation,,,,,Bazaar Street,,,,,,,
,,,,Avvai Kottam Avvai School (Private Wing),Matriculation,,,,,Thiruvaiyaru Extension,,,,,,,
,,,,New National Nursery and Primary School,Matriculation,,,,,Thiruvaiyaru Interior,,,,,,,
,,,Papanasam Block,St. Joseph's Matriculation Higher Secondary School,Matriculation,,,,,Papanasam Town Main,,,,,,,
,,,,Sacred Heart Matriculation Higher Secondary School,Matriculation,,,,,Kabisthalam Road Link,,,,,,,
,,,,Sri Ramakrishna Vidyalaya School,CBSE Link,,,,,Papanasam Extension,,,,,,,
,,,,Good Shepherd Nursery & Primary School,Matriculation,,,,,Bazaar Street,,,,,,,
,,,,St. Mary's Nursery and Primary School,Matriculation,,,,,Ayyampettai Stretch,,,,,,,
,,,,Sri Vivekananda Primary School,Matriculation,,,,,Papanasam Interior,,,,,,,
,,,Kumbakonam Block,Christ King Matriculation Higher Secondary School,Matriculation,,,,,Swamimalai Road,,,,,,,
,,,,Maharishi Vidya Mandir,CBSE,,,,,Asur Bypass Road,,,,,,,
,,,,Little Flower Higher Secondary School (Private Wing),Matriculation,,,,,TSR Big Street,,,,,,,
,,,,Narayana e-Techno School,CBSE,,,,,Palavathankattalai,,,,,,,
,,,,St. Joseph's Girls Matric Higher Secondary School,Matriculation,,,,,Moorthi Ramasamy Street,,,,,,,
,,,,A.R.R. Matriculation Higher Secondary School,Matriculation,,,,,Srinivasanallur,,,,,,,
,,,,Good Shepherd Nursery & Primary School,Matriculation,,,,,Bazaar Street,,,,,,,
,,,,Sri Saraswathi Vidyalaya School,CBSE Link,,,,,Darasuram Link Road,,,,,,,
,,,,Vidhya Niketan Matriculation School,Matriculation,,,,,Kumbakonam Town,,,,,,,
,,,Thiruvidaimarudur Block,T.E.L.C. Dr. Ambedkar Matriculation School,Matriculation,,,,,Aduthurai Main Road,,,,,,,
,,,,Srinivasa Matriculation Higher Secondary School,Matriculation,,,,,Thiruvidaimarudur Town Main,,,,,,,
,,,,Sri Ramakrishna Vidyalaya School Link,CBSE Link,,,,,Maruthuvakudi Stretches,,,,,,,
,,,,Good Shepherd Nursery & Primary School,Matriculation,,,,,Bazaar Street,,,,,,,
,,,,St. Joseph's Primary School,Matriculation,,,,,Thiruvidaimarudur Local,,,,,,,
,,,,Al-Ameen Nursery and Primary School,Matriculation,,,,,Thiruvidaimarudur Interior,,,,,,,
,,,Ammapettai Block,St. Joseph's Matriculation Higher Secondary School,Matriculation,,,,,Ammapettai Town Main,,,,,,,
,,,,Sri Ramakrishna Vidyalaya School,Matriculation,,,,,Saliamangalam Road Link,,,,,,,
,,,,Brindavan Public School,CBSE Link,,,,,Ammapettai Extension,,,,,,,
,,,,Good Shepherd Nursery & Primary School,Matriculation,,,,,Bazaar Street,,,,,,,
,,,,Sri Vivekananda Nursery and Primary School,Matriculation,,,,,Ammapettai Local,,,,,,,
,,,,Infant Jesus Primary School,Matriculation,,,,,Ammapettai Interior,,,,,,,
,,,Orathanadu Block,Vandayar Matriculation Higher Secondary School,Matriculation,,,,,Mannargudi Road,,,,,,,
,,,,Sri Venkateswara Matriculation Higher Secondary School,Matriculation,,,,,Orathanadu Town Main,,,,,,,
,,,,Brindavan Vidyalaya CBSE Campus,CBSE Link,,,,,Thanjavur Highway Link,,,,,,,
,,,,Good Shepherd Nursery & Primary School,Matriculation,,,,,Bazaar Street,,,,,,,
,,,,St. Joseph's Nursery & Primary School,Matriculation,,,,,Orathanadu Extension,,,,,,,
,,,,Sri Vivekananda Primary School,Matriculation,,,,,Orathanadu Interior,,,,,,,
,,,Pattukkottai Block,Brilliant C.B.S.E School,CBSE,,,,,Naduvikkadu,,,,,,,
,,,,Laurel Higher Secondary School,Matriculation,,,,,Mudalcheri,,,,,,,
,,,,D V Public School,CBSE,,,,,Ponnavarayankottai,,,,,,,
,,,,Maxwell Matriculation Higher Secondary School,Matriculation,,,,,Nadimuthu Nagar,,,,,,,
,,,,Bon Secours Public School,CBSE,,,,,Arrivu Nagar,,,,,,,
,,,,London Krishnamoorthi Matric Higher Secondary School,Matriculation,,,,,Pattukkottai Main,,,,,,,
,,,,Thai Tamil Nursery & Primary School,Matriculation,,,,,Pattukkottai Urban,,,,,,,
,,,,Pioneer Public School,CBSE,,,,,Pannavayal Road,,,,,,,
,,,Peravurani Block,Dr. J.C. Kumarappa Matriculation Higher Secondary School,Matriculation,,,,,Aranthangi Road,,,,,,,
,,,,Venkateshwara Matriculation Higher Secondary School,Matriculation,,,,,Peravurani Town Main,,,,,,,
,,,,Sri Ramakrishna Vidyalaya CBSE Campus,CBSE Link,,,,,Pattukkottai Road Link,,,,,,,
,,,,Good Shepherd Nursery & Primary School,Matriculation,,,,,Bazaar Street,,,,,,,
,,,,St. Joseph's Nursery & Primary School,Matriculation,,,,,Peravurani Extension,,,,,,,
,,,,Muthu Tamil Nursery and Primary School,Matriculation,,,,,Peravurani Interior,,,,,,,
,,Nagapattinam,Nagapattinam Block,National Senior Secondary School,CBSE,,,,,Public Office Road,,,,,,,
,,,,Nirmala Matriculation Higher Secondary School,Matriculation,,,,,Velankanni Road,,,,,,,
,,,,E G S Pillay Matriculation Higher Secondary School,Matriculation,,,,,Nagore Road,,,,,,,
,,,,Amrita Vidyalayam,CBSE,,,,,Keechankuppam Link,,,,,,,
,,,,St. Joseph's Girls Matric Higher Secondary School,Matriculation,,,,,Nagapattinam Town Main,,,,,,,
,,,,Good Shepherd Nursery & Primary School,Matriculation,,,,,Bazaar Street,,,,,,,
,,,,Sri Ramakrishna Vidyalaya School,CBSE Link,,,,,Nagapattinam Extension,,,,,,,
,,,,Venus Nursery and Primary School,Matriculation,,,,,Nagapattinam Interior,,,,,,,
,,,Kilvelur Block,Sri Ramakrishna Matriculation School,Matriculation,,,,,Kilvelur Town Main,,,,,,,
,,,,Brindavan Public School Link,CBSE Link,,,,,Tiruvarur-Nagapattinam Highway Link,,,,,,,
,,,,Good Shepherd Nursery & Primary School,Matriculation,,,,,Bazaar Street,,,,,,,
,,,,St. Joseph's Primary School,Matriculation,,,,,Kilvelur Local,,,,,,,
,,,,Ananda Nursery and Primary School,Matriculation,,,,,Kilvelur Interior,,,,,,,
,,,Thirumarugal Block,Akr Matric Hr.Sec.School,Matriculation,,,,,Enangudi,,,,,,,
,,,,Al-Aman Crescent Matric Hr Sec School,Matriculation,,,,,Enangudi Local,,,,,,,
,,,,Nallanda Matriculation School,Matriculation,,,,,Panangudi Stretches,,,,,,,
,,,,Sri Vivekanantha Nursery & Primary School,Matriculation,,,,,Thirumarugal Town Main,,,,,,,
,,,,Sri Kamatchi Nursery & Primary School,Matriculation,,,,,Thirumarugal Interior,,,,,,,
,,,,Jacee Nursery & Primary School,Matriculation,,,,,Thittachery,,,,,,,
,,,,Cambridge Nursery & Primary School,Matriculation,,,,,Sathamangalam,,,,,,,
,,,,Leo Nursery & Primary School,Matriculation,,,,,Vowalady,,,,,,,
,,,,Little Flower Nursery & Primary School,Matriculation,,,,,Kangalanchery,,,,,,,
,,,,Vallalar Nursery & Primary School,Matriculation,,,,,Thirumarugal Local,,,,,,,
,,,,Proposed Smart NewGen School Layout,CBSE Link,,,,,Thittachery Road Link,,,,,,,
,,,Keelaiyur Block,Our Lady of Velankanni Matric Higher Secondary School,Matriculation,,,,,Velankanni Town Link,,,,,,,
,,,,Infant Jesus Nursery & Primary School,Matriculation,,,,,Keelaiyur Town Main,,,,,,,
,,,,Good Shepherd Nursery & Primary School,Matriculation,,,,,Bazaar Street,,,,,,,
,,,,Sri Ramakrishna Vidyalaya School Campus,CBSE Link,,,,,Nagapattinam Highway Link,,,,,,,
,,,,St. Joseph's Primary School,Matriculation,,,,,Keelaiyur Local,,,,,,,
,,,,Venus Nursery and Primary School,Matriculation,,,,,Keelaiyur Interior,,,,,,,
,,,Vedaranyam Block,S.K.V. Matriculation Higher Secondary School,Matriculation,,,,,Thopputhurai Road,,,,,,,
,,,,Kasturba Gandhi Balika Vidyalaya (Private/Self-Finance Wing),Matriculation,,,,,Vedaranyam Town Main,,,,,,,
,,,,Sri Ramakrishna Vidyalaya School Campus,CBSE Link,,,,,Nagapattinam Highway Link,,,,,,,
,,,,Good Shepherd Nursery & Primary School,Matriculation,,,,,Bazaar Street,,,,,,,
,,,,St. Joseph's Primary School,Matriculation,,,,,Vedaranyam Local,,,,,,,
,,,,Saraswathi Nursery and Primary School,Matriculation,,,,,Vedaranyam Interior,,,,,,,
,,Mayiladuthurai,Mayiladuthurai Block,Guru Gyan Matriculation Higher Secondary School,Matriculation,,,,,Koorainadu,,,,,,,
,,,,Raj Matriculation Higher Secondary School,Matriculation,,,,,Pattamangalam Street,,,,,,,
,,,,Amrita Vidyalayam,CBSE,,,,,Tiruvarur Road Link,,,,,,,
,,,,St. Mary's Girls Matriculation School,Matriculation,,,,,Mayiladuthurai Town Main,,,,,,,
,,,,Balaji Vidyalaya CBSE School,CBSE,,,,,Manakudi,,,,,,,
,,,,Good Shepherd Nursery & Primary School,Matriculation,,,,,Bazaar Street,,,,,,,
,,,,Sri Ramakrishna Vidyalaya Campus Link,CBSE Link,,,,,Mayiladuthurai Extension,,,,,,,
,,,,Venus Nursery and Primary School,Matriculation,,,,,Mayiladuthurai Interior,,,,,,,
,,,Kuthalam Block,Star Matriculation Higher Secondary School,Matriculation,,,,,Kuthalam Town Main,,,,,,,
,,,,Sri Ramakrishna Vidyalaya School Campus,CBSE Link,,,,,Kumbakonam-Mayiladuthurai Road Link,,,,,,,
,,,,Good Shepherd Nursery & Primary School,Matriculation,,,,,Bazaar Street,,,,,,,
,,,,St. Joseph's Primary School,Matriculation,,,,,Kuthalam Local,,,,,,,
,,,,Saraswathi Nursery and Primary School,Matriculation,,,,,Kuthalam Interior,,,,,,,
,,,Sirkazhi Block,Best Matriculation Higher Secondary School,Matriculation,,,,,Chidambaram Road,,,,,,,
,,,,Subam CBSE School,CBSE,,,,,Puthur Link,,,,,,,
,,,,Srinivasa Matriculation Higher Secondary School,Matriculation,,,,,Sirkazhi Town Main,,,,,,,
,,,,SMH Matriculation School,Matriculation,,,,,Thenpathi,,,,,,,
,,,,Good Shepherd Nursery & Primary School,Matriculation,,,,,Bazaar Street,,,,,,,
,,,,Sri Ramakrishna Vidyalaya School Campus,CBSE Link,,,,,Sirkazhi Extension,,,,,,,
,,,,St. Joseph's Nursery and Primary School,Matriculation,,,,,Sirkazhi Interior,,,,,,,
,,,Kollidam Block,Subam Matriculation Higher Secondary School Link,Matriculation,,,,,Sirkazhi-Kollidam Highway Link,,,,,,,
,,,,Best Nursery & Primary School Campus,Matriculation,,,,,Kollamandal Road,,,,,,,
,,,,Good Shepherd Nursery & Primary School,Matriculation,,,,,Bazaar Street,,,,,,,
,,,,Sri Ramakrishna Vidyalaya School Campus,CBSE Link,,,,,Kollidam Town Main,,,,,,,
,,,,St. Joseph's Primary School,Matriculation,,,,,Kollidam Local,,,,,,,
,,,,Vivekananda Nursery and Primary School,Matriculation,,,,,Kollidam Interior,,,,,,,
,,,Sembanarkoil Block,Imperial Matriculation Higher Secondary School,Matriculation,,,,,Sankaranpanandal Road,,,,,,,
,,,,Ideal Matriculation Higher Secondary School,Matriculation,,,,,Sembanarkoil Town Main,,,,,,,
,,,,Sri Ramakrishna Vidyalaya School Campus,CBSE Link,,,,,Mayiladuthurai Highway Link,,,,,,,
,,,,Good Shepherd Nursery & Primary School,Matriculation,,,,,Bazaar Street,,,,,,,
,,,,St. Joseph's Primary School,Matriculation,,,,,Sembanarkoil Local,,,,,,,
,,,,Saraswathi Nursery and Primary School,Matriculation,,,,,Sembanarkoil Interior,,,,,,,
,,Perambalur,Perambalur East,Dhanalakshmi Srinivasan Matric Hr Sec School,Matriculation,,,,,Thuraimangalam,,,,,,,
,,,,Roever Central School,CBSE,,,,,Elambalur Road,,,,,,,
,,,,Golden Gates Matric Higher Secondary School,Matriculation,,,,,Perambalur Town East,,,,,,,
,,,,Eden Garden CBSE School,CBSE,,,,,Attur Road Link,,,,,,,
,,,,Thangam Matriculation School,Matriculation,,,,,Madhanagopalapuram,,,,,,,
,,,,Good Shepherd Nursery & Primary School,Matriculation,,,,,Bazaar Street,,,,,,,
,,,,Sri Ramakrishna Vidyalaya School Campus,CBSE Link,,,,,Perambalur Extension,,,,,,,
,,,,St. Joseph's Nursery and Primary School,Matriculation,,,,,Elambalur Link,,,,,,,
,,,Perambalur West,Dhanalakshmi Srinivasan Higher Secondary School (Private Wing),Matriculation,,,,,Trichy Main Road,,,,,,,
,,,,St. Domnic's Matriculation Higher Secondary School,Matriculation,,,,,Ammaiyappan Nagar,,,,,,,
,,,,Hans Rover Public School,CBSE,,,,,Valikandapuram Road,,,,,,,
,,,,Santhanam Vidhyalaya School Campus,CBSE Link,,,,,Perambalur West Extension,,,,,,,
,,,,National Nursery & Primary School,Matriculation,,,,,Sanyasipuram,,,,,,,
,,,,Sri Vivekananda School Layout,Matriculation,,,,,Perambalur West Town,,,,,,,
,,,,Little Flower Nursery & Primary School,Matriculation,,,,,Four Roads Junction,,,,,,,
,,,Siruvachur,Dhanalakshmi Srinivasan Matric Hr Sec School (Camp Link),Matriculation,,,,,Trichy-Chennai Highway Link,,,,,,,
,,,,Roever School Campus Layout,CBSE Link,,,,,Siruvachur Bypass Area,,,,,,,
,,,,Good Shepherd Nursery & Primary School,Matriculation,,,,,Bazaar Street,,,,,,,
,,,,Sri Vivekananda Nursery & Primary School,Matriculation,,,,,Siruvachur Main Town,,,,,,,
,,,,St. Joseph's Primary Feeder School,Matriculation,,,,,Siruvachur Interior,,,,,,,
,,,Esanai,Dhanalakshmi Srinivasan School Campus Link,Matriculation,,,,,Esanai Main Road,,,,,,,
,,,,Sri Vivekananda Nursery & Primary School,Matriculation,,,,,Esanai Town Main,,,,,,,
,,,,Good Shepherd Nursery & Primary School,Matriculation,,,,,Bazaar Street,,,,,,,
,,,,St. Joseph's Primary Feeder School,Matriculation,,,,,Esanai Interior,,,,,,,
,,,Paramathi Velur,Kongu Matriculation Higher Secondary School Velur,Matriculation,,,,,"Bypass Road, Velur",,,,,,,
,,,,Malar Public School,CBSE,,,,,Paramathi-Velur Stretches,,,,,,,
,,,,K. S. Maniam Vidhya Bhavan,CBSE,,,,,"Valasupalaym, Irukkur",,,,,,,
,,,,Malar Matric Higher Secondary School,Matriculation,,,,,Paramathi Town Main,,,,,,,
,,,,The Leaders Kidz School,CBSE Link,,,,,"Karur Bypass Road, Velur",,,,,,,
,,,,Kaaveri Viddhya Bhavan Matric Higher Secondary School,Matriculation,,,,,Olappalayam,,,,,,,
,,,,Apple Nursery and Primary School,Matriculation,,,,,Pagulamugi Amman Street,,,,,,,
,,,,R N Oxford Matriculation School,Matriculation,,,,,Velur Town Main,,,,,,,
,,,,Chanakya Hi-tech Matriculation School,Matriculation,,,,,Velur Local Boundaries,,,,,,,
,,,,Shri Senthur International School,CBSE Link,,,,,Pothanur Layout,,,,,,,
,,,Elambalur,Roever Central School,CBSE,,,,,Elambalur Main Road,,,,,,,
,,,,Hans Roever Public School,CBSE,,,,,Valikandapuram Road Link,,,,,,,
,,,,Roever Matriculation Higher Secondary School,Matriculation,,,,,Elambalur Educational Campus,,,,,,,
,,,,Thangam Matriculation School Link,Matriculation,,,,,Elambalur Bypass Stretches,,,,,,,
,,,,Good Shepherd Nursery & Primary School,Matriculation,,,,,Bazaar Street,,,,,,,
,,,,St. Joseph's Primary Feeder Camp,Matriculation,,,,,Elambalur Rural Link,,,,,,,
,,,Ammapalayam,MRV Higher Secondary School,State Board,,,,,Melapuliyur Road Link,,,,,,,
,,,,Sri Ramakrishna Nursery & Primary School,Matriculation,,,,,Ammapalayam Town Main,,,,,,,
,,,,Aadhav Public School Link,CBSE Link,,,,,Thuraiyur-Chennai Bypass Link,,,,,,,
,,,,Good Shepherd Nursery & Primary School,Matriculation,,,,,Bazaar Street,,,,,,,
,,,,St. Joseph's Primary Feeder School,Matriculation,,,,,Ammapalayam Interior,,,,,,,
,,,Ladapuram,Dhanalakshmi Srinivasan School Link Campus,Matriculation,,,,,Ladapuram Main Road,,,,,,,
,,,,Sri Vivekananda Nursery & Primary School,Matriculation,,,,,Ladapuram Town Main,,,,,,,
,,,,Good Shepherd Nursery & Primary School,Matriculation,,,,,Bazaar Street,,,,,,,
,,,,St. Joseph's Primary Feeder School,Matriculation,,,,,Ladapuram Interior,,,,,,,
,,,Kurumbalur,Swamy Vivegananda Matric Higher Secondary School,Matriculation,,,,,Kurumbalur Town Main,,,,,,,
,,,,Malar Matriculation School,Matriculation,,,,,Ladapuram Road Link,,,,,,,
,,,,Lakshmi Vidhyalam Nursery & Primary School,Matriculation,,,,,Kurumbalur Local,,,,,,,
,,,,Thanthai Roever School of Excellence Link,CBSE Link,,,,,Perambalur Road Link,,,,,,,
,,,,Sri Sathyasai Baba Nursery School,Matriculation,,,,,Kurumbalur Town,,,,,,,
,,,,Mother Teresa Nursery And Primary School,Matriculation,,,,,Kurumbalur Interior,,,,,,,
,,Ariyalur,T. Palur Block,National Matriculation Higher Secondary School Link,Matriculation,,,,,Jayankondam-T. Palur Road Link,,,,,,,
,,,,Sri Vivekananda Nursery & Primary School,Matriculation,,,,,T. Palur Town Main,,,,,,,
,,,,Good Shepherd Nursery & Primary School,Matriculation,,,,,Bazaar Street,,,,,,,
,,,,Santhanam Vidhyalaya Campus Layout,CBSE Link,,,,,T. Palur Extension,,,,,,,
,,,,St. Joseph's Primary Feeder School,Matriculation,,,,,T. Palur Interior,,,,,,,
,,,Andimadam Block,Mahatma Matriculation Higher Secondary School,Matriculation,,,,,Jayankondam Road,,,,,,,
,,,,Sri Vivekananda Nursery & Primary School,Matriculation,,,,,Andimadam Town Main,,,,,,,
,,,,Good Shepherd Nursery & Primary School,Matriculation,,,,,Bazaar Street,,,,,,,
,,,,Elite NewGen Campus Layout,CBSE Link,,,,,Andimadam Extension,,,,,,,
,,,,St. Joseph's Primary Feeder School,Matriculation,,,,,Andimadam Interior,,,,,,,
,,,Sendurai Block,Vidhya Deepam Matriculation Higher Secondary School Link,Matriculation,,,,,Ariyalur-Sendurai Road Link,,,,,,,
,,,,Sri Vivekananda Nursery & Primary School,Matriculation,,,,,Sendurai Town Main,,,,,,,
,,,,Good Shepherd Nursery & Primary School,Matriculation,,,,,Bazaar Street,,,,,,,
,,,,Santhanam Vidhyalaya School Layout,CBSE Link,,,,,Sendurai Extension,,,,,,,
,,,,St. Joseph's Primary Feeder School,Matriculation,,,,,Sendurai Interior,,,,,,,
,,,Thirumanur Block,Sri Sowdambikaa Matriculation School Link,Matriculation,,,,,Ariyalur-Thirumanur Main Road,,,,,,,
,,,,Sri Vivekananda Nursery & Primary School,Matriculation,,,,,Thirumanur Town Main,,,,,,,
,,,,Good Shepherd Nursery & Primary School,Matriculation,,,,,Bazaar Street,,,,,,,
,,,,St. Joseph's Primary School,Matriculation,,,,,Thirumanur Local,,,,,,,
,,,,Green Valley Primary Feeder Camp,CBSE Link,,,,,Elakurichi Stretches,,,,,,,
,,,,Maruthi Nursery and Primary School,Matriculation,,,,,Thirumanur Interior,,,,,,,
,,,Ariyalur Block,Montfort School,CBSE,,,,,Trichy Road,,,,,,,
,,,,Nirmala Matriculation Higher Secondary School,Matriculation,,,,,Jayankondam Road,,,,,,,
,,,,Vidhya Deepam Matriculation Higher Secondary School,Matriculation,,,,,Sendurai Road,,,,,,,
,,,,Maharishi Vidya Mandir,CBSE,,,,,Perambalur Road Link,,,,,,,
,,,,St. Mary's Girls Matriculation School,Matriculation,,,,,Ariyalur Town Main,,,,,,,
,,,,Good Shepherd Nursery & Primary School,Matriculation,,,,,Bazaar Street,,,,,,,
,,,,Sri Ramakrishna Vidyalaya School,CBSE Link,,,,,Ariyalur Extension,,,,,,,
,,,,Venus Nursery and Primary School,Matriculation,,,,,Ariyalur Interior,,,,,,,
,,Karur,K. Paramathi Block,Cheran Matriculation Higher Secondary School Link,Matriculation,,,,,Paramathi Road Link,,,,,,,
,,,,Malar Public School Layout,CBSE Link,,,,,K. Paramathi Extension,,,,,,,
,,,,Good Shepherd Nursery & Primary School,Matriculation,,,,,Bazaar Street,,,,,,,
,,,,Sri Vivekananda Nursery & Primary School,Matriculation,,,,,K. Paramathi Main Town,,,,,,,
,,,,St. Joseph's Primary Feeder School,Matriculation,,,,,K. Paramathi Interior,,,,,,,
,,,Aravakurichi Block,Arumugam Academy Matric Higher Secondary School,Matriculation,,,,,Pallapatti Road,,,,,,,
,,,,BSP School,CBSE,,,,,Dharapuram Road,,,,,,,
,,,,Uswathun Hasana Islamic International School,CBSE,,,,,"Lingamanayakkanpatty, Pallapatti",,,,,,,
,,,,Ishethra International Residential School,CBSE / International,,,,,Pungambadi West,,,,,,,
,,,,Good Shepherd Nursery & Primary School,Matriculation,,,,,Bazaar Street,,,,,,,
,,,,Easma Nursery & Primary School,Matriculation,,,,,Aravakurichi Main Town,,,,,,,
,,,,Venus Nursery and Primary School,Matriculation,,,,,Pallapatti Town,,,,,,,
,,,Thanthoni Block,Cheran Matriculation Higher Secondary School Link,Matriculation,,,,,Vennaimalai-Thanthoni Link,,,,,,,
,,,,Bharani Vidyalaya Higher Secondary School Link,Matriculation,,,,,Vengamedu-Thanthoni Edge,,,,,,,
,,,,The Karur Central School Campus,CBSE,,,,,Andankoil Road Link,,,,,,,
,,,,Good Shepherd Nursery & Primary School,Matriculation,,,,,Bazaar Street,,,,,,,
,,,,Sri Vivekananda Nursery and Primary School,Matriculation,,,,,Thanthoni Town Centre,,,,,,,
,,,,St. Joseph's Primary Feeder School,Matriculation,,,,,Thanthoni Interior,,,,,,,
,,,Karur Main Block,Cheran Matriculation Higher Secondary School,Matriculation,,,,,Vennaimalai,,,,,,,
,,,,Bharani Vidyalaya Higher Secondary School,Matriculation,,,,,Vengamedu,,,,,,,
,,,,TNPL Matriculation Higher Secondary School (Private Wing),Matriculation,,,,,Kagithapuram,,,,,,,
,,,,Srinivasa Matriculation Higher Secondary School,Matriculation,,,,,Karur Town Main,,,,,,,
,,,,The Karur Central School,CBSE,,,,,Andankoil,,,,,,,
,,,,Maharishi Vidya Mandir,CBSE,,,,,Nanjai Thotta Kurichi,,,,,,,
,,,,Good Shepherd Nursery & Primary School,Matriculation,,,,,Bazaar Street,,,,,,,
,,,,St. Joseph's Nursery and Primary School,Matriculation,,,,,Karur West,,,,,,,
,,,Kulithalai Urban,Chavara Vidya Bhavan Higher Secondary School,Matriculation,,,,,Trichy Main Road,,,,,,,
,,,,Servite Matriculation Higher Secondary School,Matriculation,,,,,Kulithalai Town,,,,,,,
,,,,National Matriculation Higher Secondary School,Matriculation,,,,,Bypass Road,,,,,,,
,,,,Sowdambikaa Matric Higher Secondary School,Matriculation,,,,,Kulithalai Region,,,,,,,
,,,,Aditya Vidyashram CBSE School,CBSE,,,,,Kulithalai Town,,,,,,,
,,,,Green Park International School,CBSE,,,,,Inungur Road,,,,,,,
,,,,Sri Renuka Vidyalaya Nursery & Primary School,Matric (N&P),,,,,Vaiganallur,,,,,,,
,,,,St. Joseph Nursery & Primary School,Matric (N&P),,,,,Anna Nagar,,,,,,,
,,,,Vivekananda Matriculation School,Matriculation,,,,,Kulithalai Center,,,,,,,
,,,,Musiri Institute of Cambridge (Extension),IGCSE / CIE,,,,,Musiri Road,,,,,,,
,,,Krishnarayapuram Block,Sowdambikaa Matric Higher Secondary School,Matriculation,,,,,Krishnarayapuram Town,,,,,,,
,,,,Valluvar Vidyalaya Matric Hr. Sec. School,Matriculation,,,,,"Trichy Main Road, Mayanur",,,,,,,
,,,,Valluvar Vidyalaya CBSE School,CBSE,,,,,Mayanur Area,,,,,,,
,,,,Sri Sarada Niketan Matric School,Matriculation,,,,,Kattalai,,,,,,,
,,,,Rangasamy Chettiar Matric School,Matriculation,,,,,Sithalavai,,,,,,,
,,,,Sri Vigneshwara Nursery & Primary School,Matric (N&P),,,,,Krishnarayapuram Center,,,,,,,
,,,,St. Marys Nursery & Primary School,Matric (N&P),,,,,Lalapet Area,,,,,,,
,,,,Servite Matriculation Higher Secondary School,Matriculation,,,,,Kulithalai Region,,,,,,,
,,,,Cheran Matriculation Higher Secondary School,Matriculation,,,,,Karur Main Road,,,,,,,
,,,,Aditya Vidyashram CBSE School,CBSE,,,,,Kulithalai Block,,,,,,,
,,,Kadavur Block,Karur Saraswathi Vidya Mandhir,CBSE,,,,,Thulasikodumbu,,,,,,,
,,,,Karur Saraswathi Vidyalaya Higher Secondary School,Matriculation,,,,,Jagadhabi,,,,,,,
,,,,Amuthasurabhi Vidhyalaya Matric School,Matriculation,,,,,Manjanaickenpatti,,,,,,,
,,,,Karur Vivegam Vidhyalaya Nursery And Primary School,Matric (N&P),,,,,Kadavur Region,,,,,,,
,,,,Karur Saraswathi Vidyalaya Nursery and Primary School,Matric (N&P),,,,,K.S.V Nagar,,,,,,,
,,,,Mount Giris International CBSE School,CBSE,,,,,Trichy Highway,,,,,,,
,,,,Mount Giris Matric Hr. Sec. School,Matriculation,,,,,Ayyarmalai,,,,,,,
,,,,Pon Vidya Mandir Senior Secondary School,CBSE,,,,,NH 44 Highway,,,,,,,
,,,,Bharani Park Matriculation Higher Secondary School,Matriculation,,,,,Salem Bypass Road,,,,,,,
,,,,The Indian Public School (TIPS) Main Campus,IB / CBSE,,,,,Pazhamapuram,,,,,,,
,,,Thogaimalai Cluster,S. V. C. Public School,CBSE,,,,,Thogaimalai Town,,,,,,,
,,,,Aurobindo Matriculation Higher Secondary School,Matriculation,,,,,Thogaimalai Rural,,,,,,,
,,,,Nalantha Matriculation School,Matriculation,,,,,Thogaimalai Town,,,,,,,
,,,,Om Sakthi Matriculation School,Matriculation,,,,,A Nadupatti,,,,,,,
,,,,Sri Lakshmi Matriculation School,Matriculation,,,,,Thogaimalai Region,,,,,,,
,,,,St. Xavier's Nursery And Primary School,Matric (N&P),,,,,Thogaimalai Center,,,,,,,
,,,,St. Sengol Matha Nursery & Primary School,Matric (N&P),,,,,Thogaimalai Town,,,,,,,
,,,,Bagavathi Nursery and Primary School,Matric (N&P),,,,,Thogaimalai Region,,,,,,,
,,,Porundalur Border,Servite Matric Higher Secondary School,Matriculation,,,,,Porundalur,,,,,,,
,,,Kulithalai Border,Mount Giris International CBSE School,CBSE,,,,,Trichy Highway,,,,,,,
,,Pudukkottai,Viralimalai Block,SFS Public School,CBSE,,,,,Kunnathur Village,,,,,,,
,,,,Vivega Matriculation Higher Secondary School,Matriculation,,,,,Viralimalai Town,,,,,,,
,,,,Chellammal Matriculation Higher Secondary School,Matriculation,,,,,Viralimalai Rural,,,,,,,
,,,,Providence Convent Matriculation School,Matriculation,,,,,Viralimalai Region,,,,,,,
,,,,Crescent Nursery & Primary School,Matric (N&P),,,,,Trichy Road,,,,,,,
,,,,Little Heart NPS Viralimalai Primary School,Matric (N&P),,,,,Viralimalai Center,,,,,,,
,,,,Parumala St Gregorios Matric Higher Secondary School,Matriculation,,,,,"Mount Tabor, Mathur",,,,,,,
,,,,Dafodills Nursery & Primary School,Matric (N&P),,,,,Mathur Region,,,,,,,
,,,,Anjalai Ammal Nursery & Primary School,Matric (N&P),,,,,Viralimalai Town,,,,,,,
,,,,Muthuswamy Vidyalaya Matric Higher Sec School,Matriculation,,,,,Kulathur Region,,,,,,,
,,,Thiruvarankulam Cluster,Jayarani Matriculation Higher Secondary School,Matriculation,,,,,Alangudi Road,,,,,,,
,,,,Doctors Public School,CBSE,,,,,Alangudi Region,,,,,,,
,,,,Sri Venkateswara Nursery & Primary School,Matric (N&P),,,,,Thiruvarankulam Town,,,,,,,
,,,,Bharathi Nursery and Primary School,Matric (N&P),,,,,Thiruvarankulam Area,,,,,,,
,,,,National Nursery & Primary School,Matric (N&P),,,,,Alangudi Area,,,,,,,
,,,,St. Joseph's Nursery & Primary School,Matric (N&P),,,,,Vandikkaran Street,,,,,,,
,,,,Vairams Matriculation Higher Secondary School,Matriculation,,,,,Rajagopalapuram,,,,,,,
,,,,Mount Zion International School,CBSE / International,,,,,Lena Vilakku,,,,,,,
,,,,Bright Matric Higher Secondary School,Matriculation,,,,,Vaniya Street,,,,,,,
,,,,Montfort School Aranthangi,CBSE,,,,,Melappattu Road,,,,,,,
,,,Thirumayam Block,Mount Zion International School,CBSE / International,,,,,Lena Vilakku,,,,,,,
,,,,Mount Zion Matriculation Higher Secondary School,Matriculation,,,,,Thirumayam Town,,,,,,,
,,,,Sri Meenakshi Sundareswarar Matriculation School,Matriculation,,,,,Thirumayam Town,,,,,,,
,,,,Jeevabharathi Nursery & Primary School,Matric (N&P),,,,,Thirumayam Town,,,,,,,
,,,,Sri Saraswathi Nursery & Primary School,Matric (N&P),,,,,Thirumayam Town,,,,,,,
,,,,National Nursery & Primary School,Matric (N&P),,,,,Kulamangalam,,,,,,,
,,,,Sri Sivaakamalam Matriculation Higher Secondary School,Matriculation,,,,,Sengirai Road,,,,,,,
,,,,Montfort School Aranthangi,CBSE,,,,,Melappattu Road,,,,,,,
,,,,Vairams Matriculation Higher Secondary School,Matriculation,,,,,Rajagopalapuram,,,,,,,
,,,,Amaraavathi Vidhyalayaa International School,CBSE,,,,,Valayapatti Main Rd,,,,,,,
,,,Pudukkottai Urban,Vairams Matriculation Higher Secondary School,Matriculation,,,,,Rajagopalapuram,,,,,,,
,,,,Mount Zion International School,CBSE / International,,,,,Lena Vilakku,,,,,,,
,,,,Sri Venkateshwara Matriculation Higher Secondary School,Matriculation,,,,,Tirugokarnam,,,,,,,
,,,,Sri Kulapati Balakrishna Joshi Matric School,Matriculation,,,,,Kalyanaramapuram,,,,,,,
,,,,Mahatma Vidyalaya,CBSE,,,,,Nizam Colony,,,,,,,
,,,,Mrm International Cbse School,CBSE,,,,,Poosathurai Road,,,,,,,
,,,,Santhnath Vidyalaya Matriculation School,Matriculation,,,,,Marthandapuram,,,,,,,
,,,,The Carousel Nursery & Primary School,Matric (N&P),,,,,Alangudi Road,,,,,,,
,,,,Sri Vigneswara Nursery & Primary School,Matric (N&P),,,,,Machuvadi,,,,,,,
,,,,Kingston International School,CBSE,,,,,Sipcot Complex Area,,,,,,,
,,,Ponnamaravathi Block,Mount Zion Matriculation Higher Secondary School,Matriculation,,,,,Ponnamaravathi Town,,,,,,,
,,,,Amaraavathi Vidhyalayaa International School,CBSE,,,,,Valayapatti Main Rd,,,,,,,
,,,,Al-Ameen Matriculation Higher Secondary School,Matriculation,,,,,Ponnamaravathi Rural,,,,,,,
,,,,Universal Nursery & Primary School,Matric (N&P),,,,,Ponnamaravathi Area,,,,,,,
,,,,Sri Venkateswara Nursery & Primary School,Matric (N&P),,,,,Ponnamaravathi Center,,,,,,,
,,,,Arivu Thirukkoil Nursery & Primary School,Matric (N&P),,,,,Ponnamaravathi Region,,,,,,,
,,,,Lead India Nursery & Primary School,Matric (N&P),,,,,Ponnamaravathi Town,,,,,,,
,,,,Mount Zion International School,CBSE / International,,,,,Lena Vilakku,,,,,,,
,,,,Muthu Kavitha Matriculation Higher Secondary School,Matriculation,,,,,Melur Highway,,,,,,,
,,,,Vairams Matriculation Higher Secondary School,Matriculation,,,,,Rajagopalapuram,,,,,,,
,,,Manamelkudi Block,Mimisal Matriculation School,Matriculation,,,,,Mimisal Road,,,,,,,
,,,,Sri Vinayaga Nursery & Primary School,Matric (N&P),,,,,Manamelkudi Town,,,,,,,
,,,,Rajeswari Nursery & Primary School,Matric (N&P),,,,,Manamelkudi Region,,,,,,,
,,,,Vetri Vinayagar Nursery & Primary School,Matric (N&P),,,,,Manamelkudi Area,,,,,,,
,,,,Montfort School Aranthangi,CBSE,,,,,Melappattu Road,,,,,,,
,,,,Ideal Matric Higher Secondary School,Matriculation,,,,,L.N. Puram,,,,,,,
,,,,Selection Matric Higher Secondary School,Matriculation,,,,,Peravurani Road,,,,,,,
,,,,Vidyaa Vikas International CBSE School,CBSE,,,,,Aranthangi Region,,,,,,,
,,,,Doctors Public School,CBSE,,,,,Melappattu,,,,,,,
,,,,Thayagam Matriculation Higher Secondary School,Matriculation,,,,,Aranthangi Center,,,,,,,
,,,,Sri Venkateshwara Matriculation Higher Secondary School,Matriculation,,,,,Kunnandarkoil Area,,,,,,,
,,,,Vetri Vinayakar Nursery & Primary School,Matric (N&P),,,,,Kunnandarkoil Town,,,,,,,
,,,,Sri Amman Nursery & Primary School,Matric (N&P),,,,,Kunnandarkoil Region,,,,,,,
,,,,Anna Nursery & Primary School,Matric (N&P),,,,,Kunnandarkoil Area,,,,,,,
,,,,Punitha Arokiya Annai Higher Secondary School,Matriculation,,,,,Keeranur Road,,,,,,,
,,,,Sacred Heart School,CBSE,,,,,Trichy-Pudukkottai Highway,,,,,,,
,,,,Murugeswara Nursery and Primary School,Matric (N&P),,,,,Mathur Region,,,,,,,
,,,,Sankara Vidyalaya Matriculation School,Matriculation,,,,,Keeranur Town,,,,,,,
,,,,Mount Zion International School,CBSE / International,,,,,Lena Vilakku,,,,,,,
,,,,Sri Venkateshwara Matriculation Higher Secondary School,Matriculation,,,,,Tirugokarnam,,,,,,,
,,,Karambakkudi Block,Bright Matric Higher Secondary School,Matriculation,,,,,Vaniya Street,,,,,,,
,,,,Guthoos Matriculation School,Matriculation,,,,,Vaaniya St,,,,,,,
,,,,Reena Mercy Matriculation School,Matriculation,,,,,"Thekkikadu Rd, Aambukoil",,,,,,,
,,,,Bright Nursery & Primary School,Matric (N&P),,,,,Karambakkudi Town,,,,,,,
,,,,Vinayaka Vidhyalaya Nursery & Primary School,Matric (N&P),,,,,Karambakkudi Region,,,,,,,
,,,,South Spring International School,Matric / CBSE,,,,,Perungondanviduthi,,,,,,,
,,,,R.K.M Saratha Vidhyalaya Matriculation School,Matriculation,,,,,Karambakkudi Town,,,,,,,
,,,,The Little Bird Matriculation School,Matriculation,,,,,Karambakkudi Center,,,,,,,
,,,,Mai Skool CBSE,CBSE,,,,,Vagavasal,,,,,,,
,,,,Jayarani Matriculation Higher Secondary School,Matriculation,,,,,Alangudi Road,,,,,,,
,,,Gandarvakottai Block,Vidyaa Vikas International School,CBSE,,,,,Old Gandarvakottai,,,,,,,
,,,,Vidyaa Vikas Matric Higher Secondary School,Matriculation,,,,,Thanjavur Road,,,,,,,
,,,,Arulmari Matriculation Higher Secondary School,Matriculation,,,,,Chetty Street,,,,,,,
,,,,Christ The King Matriculation School,Matriculation,,,,,Gandarvakottai Center,,,,,,,
,,,,Aravind Nursery & Primary School,Matric (N&P),,,,,Gandarvakottai Area,,,,,,,
,,,,Reena Mercy Matriculation School,Matriculation,,,,,Gandarvakottai Region,,,,,,,
,,,,Arulmary Nursery & Primary School (Mattangal),Matric (N&P),,,,,Mattangal,,,,,,,
,,,,Arulmary Nursery & Primary School (Veladipatti),Matric (N&P),,,,,Veladipatti,,,,,,,
,,,,Bon Secours Nursery And Primary School,Matric (N&P),,,,,Thatchankurichi,,,,,,,
,,,,Christ Nursery & Primary School (Nadupatti),Matric (N&P),,,,,Nadupatti,,,,,,,
,,,Avudaiyarkoil Block,Rajeswari Nursery & Primary School,Matric (N&P),,,,,Avudaiyarkoil Town,,,,,,,
,,,,Sri Vinayaga Nursery & Primary School,Matric (N&P),,,,,Avudaiyarkoil Region,,,,,,,
,,,,Vetri Vinayagar Nursery & Primary School,Matric (N&P),,,,,Avudaiyarkoil Area,,,,,,,
,,,,Montfort School Aranthangi,CBSE,,,,,Melappattu Road,,,,,,,
,,,,Ideal Matric Higher Secondary School,Matriculation,,,,,L.N. Puram,,,,,,,
,,,,Selection Matric Higher Secondary School,Matriculation,,,,,Peravurani Road,,,,,,,
,,,,Vidyaa Vikas International CBSE School,CBSE,,,,,Aranthangi Region,,,,,,,
,,,,Doctors Public School,CBSE,,,,,Melappattu,,,,,,,
,,,,Mimisal Matriculation School,Matriculation,,,,,Mimisal Road,,,,,,,
,,,,Thayagam Matriculation Higher Secondary School,Matriculation,,,,,Aranthangi Center,,,,,,,
,,,Arimalam Block,SRI SIVAAKAMALAM MATRICULATION HIGHER SECONDARY SCHOOL,Matriculation,,,,,Sengirai Road,,,,,,,
,,,,Sri Bharathi Matriculation Higher Secondary School,Matriculation,,,,,Kallalangudi,,,,,,,
,,,,Kurinchi School Campus,Matriculation,,,,,Arimalam Region,,,,,,,
,,,,Skr Nursery & Primary School,Matric (N&P),,,,,Arimalam Town,,,,,,,
,,,,Montfort School Aranthangi,CBSE,,,,,Melappattu Road,,,,,,,
,,,,Mount Zion International School,CBSE / International,,,,,Lena Vilakku,,,,,,,
,,,,Al-Munawara Islamic School,Matriculation,,,,,Arimalam Area,,,,,,,
,,,,Selection Matric Higher Secondary School,Matriculation,,,,,Peravurani Road,,,,,,,
,,,,Mrm International Cbse School,CBSE,,,,,Poosathurai Road,,,,,,,
,,,,Vairams Matriculation Higher Secondary School,Matriculation,,,,,Rajagopalapuram,,,,,,,
,,,Aranthangi Block,Montfort School Aranthangi,CBSE,,,,,Melappattu Road,,,,,,,
,,,,Ideal Matric Higher Secondary School,Matriculation,,,,,L.N. Puram,,,,,,,
,,,,Selection Matric Higher Secondary School,Matriculation,,,,,Peravurani Road,,,,,,,
,,,,Sai Laurel International School,CBSE,,,,,Kurumbakkadu,,,,,,,
,,,,Vidyaa Vikas International CBSE School,CBSE,,,,,Aranthangi Region,,,,,,,
,,,,Doctors Public School,CBSE,,,,,Melappattu,,,,,,,
,,,,St.John's Nursery And Primary School,Matric (N&P),,,,,Peravurani Highway,,,,,,,
,,,,Thayagam Matriculation Higher Secondary School,Matriculation,,,,,Aranthangi Center,,,,,,,
,,,,Excellent Nursery And Primary School,Matric (N&P),,,,,Arunachalapuram,,,,,,,
,,,,Bharathi Nursery and Primary School,Matric (N&P),,,,,Thiruvappadi,,,,,,,
,,,Annavasal Block,Mother Terasa Matriculation School,Matriculation,,,,,Annavasal Town,,,,,,,
,,,,Jayarani Matriculation Higher Secondary School,Matriculation,,,,,Mettupatti Area,,,,,,,
,,,,St. Anne's High School (Muthalipatty),Matriculation,,,,,Muthalipatty,,,,,,,
,,,,Murugeswara Nursery and Primary School,Matric (N&P),,,,,Vellanur,,,,,,,
,,,,Yazh Academy Nursery & Primary School,Matric (N&P),,,,,Annavasal Region,,,,,,,
,,,,Punitha Arokiya Annai Higher Secondary School,Matriculation,,,,,Keeranur Road,,,,,,,
,,,,Sacred Heart School,CBSE,,,,,Trichy-Pudukkottai Highway,,,,,,,
,,,,Muthuswamy Vidyalaya Matric Higher Sec School,Matriculation,,,,,Kulathur Region,,,,,,,
,,,,Cambridge Montessori Pre School,International / Play,,,,,Annavasal Center,,,,,,,
,,,,Sri Venkateshwara Matriculation Higher Secondary School,Matriculation,,,,,Tirugokarnam,,,,,,,
4,West Tamilnadu,Coimbatore,Anamalai Taluk,Oxford Matriculation Higher Secondary School,Matriculation,,,,,Anaimalai Town,,,,,,,
,,,,Vidhya Vishwalaya-Global School of Secondary Education,CBSE,,,,,Pilchinampalayam,,,,,,,
,,,,Shri Vigneswara Matriculation Higher Secondary School,Matriculation,,,,,Anaimalai Town,,,,,,,
,,,,Aadhisankarar Vidhya Mandir,CBSE / Matric,,,,,Anaimalai Region,,,,,,,
,,,,Annai Nursery And Primary School,Matric (N&P),,,,,Anaimalai Town,,,,,,,
,,,,Shree Lakshmi Vidhya Bhavan Matriculation School,Matriculation,,,,,Anaimalai Area,,,,,,,
,,,,Shri Krishna Vidhyalaya Matriculation Higher Secondary School,Matriculation,,,,,Anaimalai Town,,,,,,,
,,,,Little Star Play School,Play / Primary,,,,,Topslip Road,,,,,,,
,,,,Vian Veenai Public School,CBSE,,,,,Pollachi Road,,,,,,,
,,,,Carmel Jyothi Cmi Public School,CBSE,,,,,Udumalai Road,,,,,,,
,,,,,,,,,,,,,,,,,
,,,,,,,,,,,,,,,,,
,,,,,,,,,,,,,,,,,
,,,,,,,,,,,,,,,,,
,,,,,,,,,,,,,,,,,
,,,,,,,,,,,,,,,,,
,,,,,,,,,,,,,,,,,
,,,,,,,,,,,,,,,,,
,,,,,,,,,,,,,,,,,
,,,Annur Block,Sree Narayana Mission Matriculation Higher Secondary School,Matriculation,,,,,Mettupalayam Road,,,,,,,
,,,,Siddharth International Public School,CBSE,,,,,Annur Town,,,,,,,
,,,,Chavara Vidya Bhavan Higher Secondary School (Extension),Matriculation,,,,,Sathy Main Road,,,,,,,
,,,,Annur Public School,CBSE,,,,,Kunnathur Road,,,,,,,
,,,,SSV Matriculation Higher Secondary School,Matriculation,,,,,Annur Rural,,,,,,,
,,,,Sri Vigneshwara Nursery & Primary School,Matric (N&P),,,,,Annur Region,,,,,,,
,,,,K.A.M.S. Nursery & Primary School,Matric (N&P),,,,,Avinashi Road,,,,,,,
,,,,Care Public School,CBSE,,,,,Annur Center,,,,,,,
,,,,The Pioneer School,CBSE,,,,,Mettupalayam Road,,,,,,,
,,,,T.E.A. Public School,CBSE / International,,,,,Avinashi Highway,,,,,,,
,,,Karamadai Block,Vidya Vikasini Matriculation Higher Secondary School,Matriculation,,,,,Mettupalayam Road,,,,,,,
,,,,Sreevatsa Viswanathan Vidyalaya,CBSE,,,,,Karamadai Town,,,,,,,
,,,,K.A.M.S. Nursery and Primary School,Matric (N&P),,,,,Karamadai Town,,,,,,,
,,,,R.V.S. Matriculation Higher Secondary School,Matriculation,,,,,Karamadai Area,,,,,,,
,,,,Senthil Matriculation School,Matriculation,,,,,Karamadai Town,,,,,,,
,,,,PSG Public School (Karamadai Campus),CBSE,,,,,Karamadai Region,,,,,,,
,,,,Sree Narayana Mission Nursery & Primary School,Matric (N&P),,,,,Teacher's Colony,,,,,,,
,,,,Savitha Anand Matric Higher Secondary School,Matriculation,,,,,Mettupalayam Town,,,,,,,
,,,,Maharishi Vidya Mandir,CBSE,,,,,Sirumugai Road,,,,,,,
,,,,St. John's Matriculation Higher Secondary School,Matriculation,,,,,Mettupalayam Center,,,,,,,
,,,Kinathukadavu Block,Shanthi Niketan Higher Secondary School,Matriculation,,,,,Pollachi Main Road,,,,,,,
,,,,Vivian Public School,CBSE,,,,,Kinathukadavu Town,,,,,,,
,,,,Sri Ramakrishna Matriculation Higher Secondary School,Matriculation,,,,,Kinathukadavu Area,,,,,,,
,,,,Senthil Matriculation School,Matriculation,,,,,Kinathukadavu Town,,,,,,,
,,,,Aadhisankarar Vidhya Mandir (Extension),CBSE / Matric,,,,,Kinathukadavu Town,,,,,,,
,,,,Sri Vigneshwara Nursery & Primary School,Matric (N&P),,,,,Kinathukadavu Center,,,,,,,
,,,,K.A.M.S. Nursery and Primary School,Matric (N&P),,,,,Kinathukadavu Region,,,,,,,
,,,,Adithya Public School,CBSE,,,,,Malumichampatti,,,,,,,
,,,,Hindisthan International School,CBSE / International,,,,,Othakalmandapam,,,,,,,
,,,,Carmel Jyothi Cmi Public School,CBSE,,,,,Udumalai Road,,,,,,,
,,,Madukkarai Taluk,St. Johns Matriculation Higher Secondary School,Matriculation,,,,,Palakkad Main Road,,,,,,,
,,,,Hindisthan International School,CBSE / International,,,,,Othakalmandapam,,,,,,,
,,,,Adithya Public School,CBSE,,,,,Malumichampatti,,,,,,,
,,,,Yuvabharathi Public School,CBSE / International,,,,,Kanuvai Road Link,,,,,,,
,,,,Sri Vigneshwara Nursery & Primary School,Matric (N&P),,,,,Madukkarai Center,,,,,,,
,,,,K.A.M.S. Nursery and Primary School,Matric (N&P),,,,,Madukkarai Town,,,,,,,
,,,,SSV Matriculation Higher Secondary School,Matriculation,,,,,Madukkarai Rural,,,,,,,
,,,,Eachanari Matriculation Higher Secondary School,Matriculation,,,,,Eachanari,,,,,,,
,,,,GD Public School,CBSE,,,,,Vellalore Road Link,,,,,,,
,,,,Shanthi Niketan Higher Secondary School,Matriculation,,,,,Pollachi Main Road,,,,,,,
,,,Periyanayakkanpalayam,G.R.D. Public School,CBSE,,,,,Mettupalayam Road,,,,,,,
,,,,Sri Ramakrishna Mission Vidyalaya Swami Shivananda Higher Secondary School,Matriculation,,,,,SRKV Post,,,,,,,
,,,,Vidhya Vikasini Matriculation Higher Secondary School,Matriculation,,,,,Thoppampatti Pirivu,,,,,,,
,,,,National Model School,CBSE,,,,,Periyanayakkanpalayam Town,,,,,,,
,,,,Sri Lakshmi Nursery & Primary School,Matric (N&P),,,,,Press Colony Area,,,,,,,
,,,,K.A.M.S. Nursery and Primary School,Matric (N&P),,,,,Samichettipalayam,,,,,,,
,,,,St. Joseph's Matriculation Higher Secondary School,Matriculation,,,,,Gudalur Goundampalayam,,,,,,,
,,,,Maharishi Vidya Mandir,CBSE,,,,,Nggo Colony Link,,,,,,,
,,,,Vigneshwar Nursery & Primary School,Matric (N&P),,,,,Periyanayakkanpalayam Rural,,,,,,,
,,,,United Public School,CBSE,,,,,Gudalur Village,,,,,,,
,,,Pollachi North Block,P. A. International School,CBSE / International,,,,,Puliyampatti,,,,,,,
,,,,Srinithi Public School,CBSE,,,,,Suleeswaranpatti Area,,,,,,,
,,,,Nachiar - The World School,CBSE / International,,,,,Unjavelampatti,,,,,,,
,,,,Bharatiya Vidya Mandir Matriculation Higher Secondary School,Matriculation,,,,,Suleeswaranpatti,,,,,,,
,,,,Vishwa Sishya Vidyodaya School,CBSE,,,,,Pollachi North Region,,,,,,,
,,,,Noyyal Public School,CBSE,,,,,Achipatti,,,,,,,
,,,,Minervaa Vidhya Mandhir,CBSE / Matric,,,,,Pollachi North Area,,,,,,,
,,,,Sri Chaitanya Techno School,CBSE,,,,,Coimbatore Road,,,,,,,
,,,,Kgp Vidyalaya Matric Higher Secondary School,Matriculation,,,,,Suleeswaranpatti Area,,,,,,,
,,,,Vaagai Kids School,Play / Primary,,,,,Pollachi North Center,,,,,,,
,,,Pollachi South Block,Carmel Jyothi CMI Public School,CBSE,,,,,Udumalai Road,,,,,,,
,,,,Evelyn Matriculation Higher Secondary School,Matriculation,,,,,Palakkad Road,,,,,,,
,,,,T.V.S. Academy Matriculation School,Matriculation,,,,,Srinivasa Colony,,,,,,,
,,,,Sree Ramu College of Arts & Science School Wing,CBSE / Matric,,,,,Nallur,,,,,,,
,,,,Sathya Vidyalaya Matric Higher Sec School,Matriculation,,,,,Makkinampatti Road,,,,,,,
,,,,Sri Vasavi Nursery & Primary School,Matric (N&P),,,,,Pollachi South Town,,,,,,,
,,,,R.K.V. Nursery & Primary School,Matric (N&P),,,,,Zamin Uthukuli,,,,,,,
,,,,EuroKids Pre-School Pollachi,International / Play,,,,,Palakkad Main Road,,,,,,,
,,,,Oxford Matriculation Higher Secondary School,Matriculation,,,,,Anaimalai Road Link,,,,,,,
,,,,P. A. International School,CBSE / International,,,,,Puliyampatti Link,,,,,,,
,,,S.S. Kulam Block,Kovai Vidyashram,CBSE,,,,,Kovilpalayam,,,,,,,
,,,,The Indian Public School (TIPS),IB / CBSE / IGCSE,,,,,Sathy Main Road,,,,,,,
,,,,Samasthi International School,CBSE,,,,,Varathaiyangarpalayam,,,,,,,
,,,,Sri Bharathi Matriculation School,Matriculation,,,,,Sathyamangalam Road,,,,,,,
,,,,Adithya Public Matriculation Higher Secondary School,Matriculation,,,,,Kurumbapalayam,,,,,,,
,,,,Rukmani Kannan Vidyalaya Matriculation Higher Secondary School,Matriculation,,,,,S.S. Kulam Town,,,,,,,
,,,,St. Antony's Matriculation School,Matriculation,,,,,Kovilpalayam Area,,,,,,,
,,,,Shree Matriculation Higher Secondary School,Matriculation,,,,,Kunnathur,,,,,,,
,,,,Nirmal Convent Matric Higher Secondary School,Matriculation,,,,,Kovilpalayam Region,,,,,,,
,,,,Sri Vinayaga Vidhyalaya Senior Secondary School,CBSE,,,,,S.S. Kulam Region,,,,,,,
,,,Sultanpet Block,Senthil Matriculation Higher Secondary School,Matriculation,,,,,Sultanpet Town,,,,,,,
,,,,Vidhya Niketan Public School (Extension Link),CBSE,,,,,Sultanpet Region,,,,,,,
,,,,Sri Ramakrishna Matriculation Higher Secondary School,Matriculation,,,,,Sultanpet Area,,,,,,,
,,,,K.A.M.S. Nursery and Primary School,Matric (N&P),,,,,Varapatti,,,,,,,
,,,,Sri Vigneshwara Nursery & Primary School,Matric (N&P),,,,,Sultanpet Town,,,,,,,
,,,,Little Stars School,Play / Primary,,,,,Sultanpet Center,,,,,,,
,,,,St. Joseph's Matriculation Higher Secondary School,Matriculation,,,,,Palladam Road Link,,,,,,,
,,,,Jayanthi Public School,CBSE,,,,,Palladam Region,,,,,,,
,,,,Kendriya Vidyalaya (Sulur Air Force Station Link),CBSE,,,,,Sulur Area Link,,,,,,,
,,,,R.V.S. Matriculation Higher Secondary School,Matriculation,,,,,Sulur Highway Link,,,,,,,
,,,Sulur Block,R.V.S. Matriculation Higher Secondary School,Matriculation,,,,,Trichy Main Road,,,,,,,
,,,,Senthil Matriculation Higher Secondary School,Matriculation,,,,,Sulur Town Center,,,,,,,
,,,,Air Force School Sulur,CBSE,,,,,"5 BRD, AF Station",,,,,,,
,,,,National Model School (Sulur Extension),CBSE,,,,,Kaniyur Road,,,,,,,
,,,,Sri Ramakrishna Matriculation School,Matriculation,,,,,Kalangal Road,,,,,,,
,,,,Brindavan Vidyalaya Nursery & Primary School,Matric (N&P),,,,,Sulur Town,,,,,,,
,,,,K.A.M.S. Nursery and Primary School,Matric (N&P),,,,,Palladam Link Road,,,,,,,
,,,,St. Joseph's Matriculation Higher Secondary School,Matriculation,,,,,Sultanpet Link Area,,,,,,,
,,,,R.V.S. Padmavathi Ammal CBSE School,CBSE,,,,,Kumaran Kottam Campus,,,,,,,
,,,,The Indian Public School (TIPS) Main Campus Link,IB / CBSE,,,,,Avinashi Road Link,,,,,,,
,,,Thondamuthur Block,Chinmaya International Residential School,IB / CBSE,,,,,Siruvani Main Road,,,,,,,
,,,,Sree Balaji Matriculation Higher Secondary School,Matriculation,,,,,Thondamuthur Town,,,,,,,
,,,,Isha Home School,ICSE / ISC,,,,,Velliangiri Foothills,,,,,,,
,,,,Bharatiya Vidya Bhavan (BVB) Matric School,Matriculation,,,,,Ajjanur,,,,,,,
,,,,Sri Ramakrishna Matriculation Higher Sec School,Matriculation,,,,,Thondamuthur Center,,,,,,,
,,,,Vidhya Niketan Public School (Vadavalli Campus Link),CBSE,,,,,Maruthamalai Road,,,,,,,
,,,,Sri Vigneshwara Nursery & Primary School,Matric (N&P),,,,,Thondamuthur Town,,,,,,,
,,,,K.A.M.S. Nursery and Primary School,Matric (N&P),,,,,Narasipuram Road,,,,,,,
,,,,Saran Matriculation Higher Secondary School,Matriculation,,,,,Vadavalli Road,,,,,,,
,,,,Amrita Vidyalayam,CBSE,,,,,Ettimadai Link Road,,,,,,,
,,Tiruppur,Tiruppur North,A.V.P. Trust Public School,CBSE,,,,,"A.V.P. Layout, Gandhi Nagar",,,,,,,
,,,,Tea Public School,CBSE,,,,,Avinashi Road,,,,,,,
,,,,Little Kingdom Senior Secondary School,CBSE,,,,,N.R.K. Puram,,,,,,,
,,,,S.V.A. Matriculation Higher Secondary School,Matriculation,,,,,P.N. Road,,,,,,,
,,,,Frontline Millennium School,CBSE,,,,,Perumanallur Road,,,,,,,
,,,,Senthil Matriculation Higher Secondary School,Matriculation,,,,,Vaidupalayam,,,,,,,
,,,,Preethi Matriculation School,Matriculation,,,,,Boyampalayam,,,,,,,
,,,,Sri Vigneshwara Nursery & Primary School,Matric (N&P),,,,,Pitchampalayam Extension,,,,,,,
,,,,Century Foundation Matriculation Higher Secondary School,Matriculation,,,,,Rakkiyapalayam Pirivu,,,,,,,
,,,,T.E.A. Public School Campus Link,CBSE / International,,,,,Avinashi Goundampalayam,,,,,,,
,,,Tiruppur South,Century Foundation Matriculation Higher Secondary School,Matriculation,,,,,Rakkiyapalayam Pirivu,,,,,,,
,,,,Kids Club Matriculation Higher Secondary School,Matriculation,,,,,Mangalam Road,,,,,,,
,,,,Infant Jesus Matriculation Higher Secondary School,Matriculation,,,,,K.N.P. Colony,,,,,,,
,,,,St. Joseph's Matriculation Higher Secondary School,Matriculation,,,,,Kangayam Road,,,,,,,
,,,,Frontline Overseas School,CBSE / International,,,,,Nallur Area,,,,,,,
,,,,A.V.P. Trust National Matriculation Higher Secondary School,Matriculation,,,,,Angeripalayam Link,,,,,,,
,,,,Saraswathi Vidyalaya Nursery & Primary School,Matric (N&P),,,,,Thennampalayam,,,,,,,
,,,,Sri Vigneshwara Nursery & Primary School,Matric (N&P),,,,,Veerapandi,,,,,,,
,,,,Little Kingdom Senior Secondary School,CBSE,,,,,N.R.K. Puram Link,,,,,,,
,,,,Jayanthi Public School Link,CBSE,,,,,Palladam Road Link,,,,,,,
,,,Avinashi Block,T.E.A. Public School,CBSE,,,,,Avinashi Goundampalayam,,,,,,,
,,,,Suryabala International School,CBSE,,,,,Sathy Main Road,,,,,,,
,,,,Sri Vigneshwara Matriculation Higher Secondary School,Matriculation,,,,,Avinashi Town Center,,,,,,,
,,,,St. Mary's Matriculation Higher Secondary School,Matriculation,,,,,New Bus Stand Area,,,,,,,
,,,,Senthil Matriculation School,Matriculation,,,,,Mangalam Road Link,,,,,,,
,,,,Infant Jesus Nursery & Primary School,Matric (N&P),,,,,Avinashi Town,,,,,,,
,,,,K.A.M.S. Nursery and Primary School,Matric (N&P),,,,,Sevur Road,,,,,,,
,,,,A.V.P. Trust Public School Link,CBSE,,,,,Gandhi Nagar Link,,,,,,,
,,,,Frontline Millennium School Link,CBSE,,,,,Perumanallur Road Link,,,,,,,
,,,,Siddharth International Public School Link,CBSE,,,,,Annur Road Link,,,,,,,
,,,Palladam Block,Jayanthi Public School,CBSE,,,,,Cochin Frontier Road,,,,,,,
,,,,St. Joseph's Matriculation Higher Secondary School,Matriculation,,,,,Trichy Main Road,,,,,,,
,,,,Sree Ramakrishna Vidyalaya Matric Higher Sec School,Matriculation,,,,,Pollachi Main Road,,,,,,,
,,,,K.A.M.S. Nursery and Primary School,Matric (N&P),,,,,Karanampettai,,,,,,,
,,,,Sri Vigneshwara Nursery & Primary School,Matric (N&P),,,,,Palladam Town Center,,,,,,,
,,,,Little Angels Play School,Play / Primary,,,,,Anna Nagar,,,,,,,
,,,,Senthil Matriculation Higher Secondary School Link,Matriculation,,,,,Sultanpet Link Road,,,,,,,
,,,,R.V.S. Matriculation Higher Secondary School Link,Matriculation,,,,,Trichy Highway Link,,,,,,,
,,,,Century Foundation Matriculation Higher Secondary School Link,Matriculation,,,,,Rakkiyapalayam Link,,,,,,,
,,,,Kids Club Matriculation Higher Secondary School Link,Matriculation,,,,,Mangalam Road Link,,,,,,,
,,,Pongalur Block,Sakthi Vinayakar Matriculation Higher Secondary School,Matriculation,,,,,Pongalur Town,,,,,,,
,,,,Kidz Choice School,Play / Primary,,,,,Pongalur Center,,,,,,,
,,,,Sri Ramakrishna Nursery & Primary School,Matric (N&P),,,,,Nathampalayam,,,,,,,
,,,,K.A.M.S. Nursery and Primary School,Matric (N&P),,,,,Pongalur Region,,,,,,,
,,,,Jayanthi Public School Link,CBSE,,,,,Cochin Frontier Road,,,,,,,
,,,,St. Joseph's Matriculation Higher Secondary School Link,Matriculation,,,,,Trichy Main Road,,,,,,,
,,,,Century Foundation Matriculation Higher Secondary School Link,Matriculation,,,,,Rakkiyapalayam Link,,,,,,,
,,,,Kids Club Matriculation Higher Secondary School Link,Matriculation,,,,,Mangalam Road Link,,,,,,,
,,,,Jayanthi Matriculation Higher Secondary School Link,Matriculation,,,,,Dharapuram Road Link,,,,,,,
,,,,Agathiyar Matriculation Higher Secondary School Link,Matriculation,,,,,Kangayam Highway Link,,,,,,,
,,,Udumalpet Block,Srinivasa Vidhalaya Matriculation Higher Secondary School,Matriculation,,,,,Palani Road,,,,,,,
,,,,R.G.M. Matriculation Higher Secondary School,Matriculation,,,,,Dhali Road,,,,,,,
,,,,Siddharth Group of Schools (Udumalpet Campus),CBSE,,,,,Udumalpet Town,,,,,,,
,,,,National Model School (Udumalpet Extension),CBSE,,,,,Pollachi Highway,,,,,,,
,,,,Sri Vigneshwara Nursery & Primary School,Matric (N&P),,,,,Eriypatti,,,,,,,
,,,,Little Angels Play School,Play / Primary,,,,,Udumalpet Center,,,,,,,
,,,,K.A.M.S. Nursery and Primary School,Matric (N&P),,,,,Palani Main Road,,,,,,,
,,,,G.V.G. Matriculation Higher Secondary School,Matriculation,,,,,Venkatesa Colony,,,,,,,
,,,,Carmel Jyothi CMI Public School Link,CBSE,,,,,Udumalai Road Link,,,,,,,
,,,,Good Shepherd Matriculation Higher Secondary School Link,Matriculation,,,,,Madathukulam Link,,,,,,,
,,,Madathukulam Block,Good Shepherd Matriculation Higher Secondary School,Matriculation,,,,,Madathukulam Town,,,,,,,
,,,,Sri Ranga Vidyalaya Nursery & Primary School,Matric (N&P),,,,,Madathukulam Town,,,,,,,
,,,,S.R.K. Nursery & Primary School,Matric (N&P),,,,,Kaniyoor Road,,,,,,,
,,,,Thushara Nursery & Primary School,Matric (N&P),,,,,Myvadi,,,,,,,
,,,,Srinivasa Vidhalaya Matriculation Higher Secondary School Link,Matriculation,,,,,Palani Road Link,,,,,,,
,,,,R.G.M. Matriculation Higher Secondary School Link,Matriculation,,,,,Dhali Road Link,,,,,,,
,,,,Siddharth Group of Schools Link,CBSE,,,,,Udumalpet Town Link,,,,,,,
,,,,Anugraha Mandhir CBSE School Link,CBSE,,,,,Gudimangalam Link,,,,,,,
,,,,Akshaya Academy School Link,CBSE,,,,,Palani Highway Link,,,,,,,
,,,,Arulmigu Palaniandavar Matric Higher Secondary School Link,Matriculation,,,,,Palani Bypass Link,,,,,,,
,,,Dharapuram Town,Jayanthi Matriculation Higher Secondary School,Matriculation,,,,,Kangayam Road,,,,,,,
,,,,Saintis Public School,CBSE,,,,,Palani Road,,,,,,,
,,,,Centwin Matriculation Higher Secondary School,Matriculation,,,,,Oddanchatram Road,,,,,,,
,,,,Infant Jesus Matriculation School,Matriculation,,,,,Chidambaram Nagar,,,,,,,
,,,,Santhosh International School,CBSE,,,,,Kangayam Highway,,,,,,,
,,,,Nallamuthu Gounder Nursery & Primary School,Matric (N&P),,,,,Pollachi Road,,,,,,,
,,,,Little Kingdom Play School,Play / Primary,,,,,Dharapuram Center,,,,,,,
,,,,Sri Ramakrishna Nursery & Primary School,Matric (N&P),,,,,Kundadam Road,,,,,,,
,,,,Agathiyar Matriculation Higher Secondary School Link,Matriculation,,,,,Kangayam Link,,,,,,,
,,,,Sakthi Vinayakar Matriculation Higher Secondary School Link,Matriculation,,,,,Pongalur Link,,,,,,,
,,,Kundadam Block,Vivekananda Nursery & Primary School,Matric (N&P),,,,,Kundadam Town,,,,,,,
,,,,Sri Ramakrishna Nursery & Primary School,Matric (N&P),,,,,Kundadam Region,,,,,,,
,,,,Suriya Nursery & Primary School,Matric (N&P),,,,,Kundadam Area,,,,,,,
,,,,Jayanthi Matriculation Higher Secondary School Link,Matriculation,,,,,Kangayam Road Link,,,,,,,
,,,,Saintis Public School Link,CBSE,,,,,Palani Road Link,,,,,,,
,,,,Centwin Matriculation Higher Secondary School Link,Matriculation,,,,,Oddanchatram Road Link,,,,,,,
,,,,Agathiyar Matriculation Higher Secondary School Link,Matriculation,,,,,Kangayam Highway Link,,,,,,,
,,,,Sakthi Vinayakar Matriculation Higher Secondary School Link,Matriculation,,,,,Pongalur Town Link,,,,,,,
,,,,Jayanthi Public School Link,CBSE,,,,,Cochin Frontier Road Link,,,,,,,
,,,,St. Joseph's Matriculation Higher Secondary School Link,Matriculation,,,,,Trichy Main Road Link,,,,,,,
,,,Mulanur Block,Santhosh Nursery & Primary School,Matric (N&P),,,,,Mulanur Town,,,,,,,
,,,,Sri Ramakrishna Nursery & Primary School,Matric (N&P),,,,,Mulanur Region,,,,,,,
,,,,Vivekananda Nursery & Primary School,Matric (N&P),,,,,Mulanur Area,,,,,,,
,,,,Jayanthi Matriculation Higher Secondary School Link,Matriculation,,,,,Kangayam Road Link,,,,,,,
,,,,Saintis Public School Link,CBSE,,,,,Palani Road Link,,,,,,,
,,,,Centwin Matriculation Higher Secondary School Link,Matriculation,,,,,Oddanchatram Road Link,,,,,,,
,,,,Santhosh International School Link,CBSE,,,,,Kangayam Highway Link,,,,,,,
,,,,Kongu Vellalar Matriculation Higher Secondary School Link,Matriculation,,,,,Vellakoil Link,,,,,,,
,,,,Vidhya Niketan Public School Link,CBSE,,,,,Muthur Road Link,,,,,,,
,,,Kangayam Block,Agathiyar Matriculation Higher Secondary School,Matriculation,,,,,Chennimalai Road,,,,,,,
,,,,Good Shepherd International School,CBSE,,,,,Kangayam Town,,,,,,,
,,,,Kangeyam Vidya Mandhir,CBSE,,,,,Dharapuram Main Road,,,,,,,
,,,,Sri Ramakrishna Nursery & Primary School,Matric (N&P),,,,,Kangayam Center,,,,,,,
,,,,Vivekananda Nursery & Primary School,Matric (N&P),,,,,Kangayam Rural Area,,,,,,,
,,,,Vivekananda Matriculation Higher Secondary School,Matriculation,,,,,Uthukuli Town,,,,,,,
,,,,K.A.M.S. Nursery and Primary School,Matric (N&P),,,,,Uthukuli Town,,,,,,,
,,,,Sri Vigneshwara Nursery & Primary School,Matric (N&P),,,,,Uthukuli Region,,,,,,,
,,,,Green Park International School Link,CBSE,,,,,Perundurai Road Link,,,,,,,
,,,,Kongu Vellalar Matriculation Higher Secondary School Link,Matriculation,,,,,Vellakoil Link,,,,,,,
,,,Erode Urban,The Breeks Open Air School,Matriculation,,,,,Perundurai Road,,,,,,,
,,,,Bhavan's Vidya Mandir,CBSE,,,,,Kalingarayanpalayam,,,,,,,
,,,,Sengunthar Matriculation Higher Secondary School,Matriculation,,,,,Thindal,,,,,,,
,,,,Bharathi Vidya Bhavan (BVB) Main Campus,CBSE,,,,,Thindal Malai,,,,,,,
,,,,Vellalar Vidyalaya Senior Secondary School,CBSE,,,,,Thindal Post,,,,,,,
,,,,The Little Kingdom School,Play / Primary,,,,,Erode City Center,,,,,,,
,,,,Green Park International School Link,CBSE,,,,,Perundurai Highway,,,,,,,
,,,,Santhosha Vidhyalaya Higher Secondary School,Matriculation,,,,,Gobi Main Road,,,,,,,
,,,,Chavara Vidya Bhavan Higher Secondary School,Matriculation,,,,,Erode Outer Link,,,,,,,
,,,,Maharishi Vidya Mandir Link,CBSE,,,,,Modakkurichi Link,,,,,,,
,,,,School Name,Board,,,,,Area,,,,,,,
,,,,Green Park International School,CBSE,,,,,Perundurai Town,,,,,,,
,,,,The Unique Academy,CBSE,,,,,Ingur Road,,,,,,,
,,,,Swamy Vivekananda Matriculation Higher Secondary School,Matriculation,,,,,Sathy Main Road,,,,,,,
,,,,Sri Karunambika Matriculation Higher Secondary School,Matriculation,,,,,Chennimalai Road,,,,,,,
,,,,Sree Amman Public School,CBSE,,,,,Chithode Link Road,,,,,,,
,,,,Nandha Central School,CBSE,,,,,Koorapalayam Pirivu,,,,,,,
,,,,Sri Santhoshi Nursery & Primary School,Matric (N&P),,,,,Perundurai Center,,,,,,,
,,,,K.A.M.S. Nursery and Primary School,Matric (N&P),,,,,Vijayamangalam,,,,,,,
,,,,Bharathi Vidya Bhavan (BVB) Main Campus Link,CBSE,,,,,Thindal Malai Link,,,,,,,
,,,,Vivekananda Matriculation Higher Secondary School Link,Matriculation,,,,,Uthukuli Town Link,,,,,,,
,,,Bhavani Town,Ideal Higher Secondary School,Matriculation,,,,,Kanthampalayam,,,,,,,
,,,,Adharsh Vidhyalaya Matric Higher Secondary School,Matriculation,,,,,Paruvachi Road,,,,,,,
,,,,Vidhyaalayam Public School,CBSE,,,,,Mettur Main Road,,,,,,,
,,,,Ganga Public School,CBSE,,,,,Bhavani Town,,,,,,,
,,,,Sri Vigneshwara Nursery & Primary School,Matric (N&P),,,,,Ammapet Road Link,,,,,,,
,,,,K.A.M.S. Nursery and Primary School,Matric (N&P),,,,,Anthiyur Main Road,,,,,,,
,,,,J.K.K. Nataraja Matriculation Higher Secondary School,Matriculation,,,,,Komarapalayam Bypass,,,,,,,
,,,,Nandha Central School Link,CBSE,,,,,Koorapalayam Pirivu Link,,,,,,,
,,,,Bhavan's Vidya Mandir Link,CBSE,,,,,Kalingarayanpalayam Link,,,,,,,
,,,,St. Mary's Matriculation Higher Secondary School Link,Matriculation,,,,,Anthiyur Region Link,,,,,,,
,,,,School Name,Board,,,,,Area,,,,,,,
,,,,Santhosha Vidhyalaya Higher Secondary School,Matriculation,,,,,Gobi Main Road,,,,,,,
,,,,Palaniammal Matriculation Higher Secondary School,Matriculation,,,,,Kullampalayam,,,,,,,
,,,,Shree Vidyalaya Matriculation Higher Secondary School,Matriculation,,,,,Modachur Road,,,,,,,
,,,,Diamond Jubilee Higher Secondary School Wing,Matriculation,,,,,Gobi Center,,,,,,,
,,,,Unique Academy CBSE School,CBSE,,,,,Gobi Rural Region,,,,,,,
,,,,Sri Vigneshwara Nursery & Primary School,Matric (N&P),,,,,Sathy Road Link,,,,,,,
,,,,Little Angels Play School,Play / Primary,,,,,Pari Nagar,,,,,,,
,,,,K.A.M.S. Nursery and Primary School,Matric (N&P),,,,,Lakkampatti,,,,,,,
,,,,Saratha Matriculation Higher Secondary School Link,Matriculation,,,,,Sathy Main Road Link,,,,,,,
,,,,The Unique Academy Link,CBSE,,,,,Ingur Road Link,,,,,,,
,,,,School Name,Board,,,,,Area,,,,,,,
,,,,Saratha Matriculation Higher Secondary School,Matriculation,,,,,Sathy Town,,,,,,,
,,,,Sathy Public School,CBSE,,,,,Mylambadi Road,,,,,,,
,,,,Bannari Amman Vidya Niketan,CBSE,,,,,Alathukombai,,,,,,,
,,,,St. Mary's Matriculation School,Matriculation,,,,,Sathy Center,,,,,,,
,,,,Sri Vigneshwara Nursery & Primary School,Matric (N&P),,,,,Sathy Rural Area,,,,,,,
,,,,K.A.M.S. Nursery and Primary School,Matric (N&P),,,,,Bhavanisagar Road,,,,,,,
,,,,Little Angels Play School,Play / Primary,,,,,Bhavanisagar Town,,,,,,,
,,,,Palaniammal Matriculation Higher Secondary School Link,Matriculation,,,,,Kullampalayam Link,,,,,,,
,,,,Santhosha Vidhyalaya Higher Secondary School Link,Matriculation,,,,,Gobi Main Road Link,,,,,,,
,,,,The Unique Academy Link,CBSE,,,,,Ingur Road Link,,,,,,,
,,,Anthiyur Town,St. Mary's Matriculation Higher Secondary School,Matriculation,,,,,Burgur Road,,,,,,,
,,,,Adharsh Vidhyalaya Matric Higher Secondary School Link,Matriculation,,,,,Paruvachi Road,,,,,,,
,,,,Vivekananda Nursery & Primary School,Matric (N&P),,,,,Anthiyur Town Center,,,,,,,
,,,,Sri Ramakrishna Nursery & Primary School,Matric (N&P),,,,,Anthiyur Rural,,,,,,,
,,,,K.A.M.S. Nursery and Primary School,Matric (N&P),,,,,Appakudal Road,,,,,,,
,,,,Little Stars School,Play / Primary,,,,,Anthiyur Center,,,,,,,
,,,,Ideal Higher Secondary School Link,Matriculation,,,,,Kanthampalayam Link,,,,,,,
,,,,Vidhyaalayam Public School Link,CBSE,,,,,Mettur Main Road Link,,,,,,,
,,,,Palaniammal Matriculation Higher Secondary School Link,Matriculation,,,,,Kullampalayam Link,,,,,,,
,,,,Saratha Matriculation Higher Secondary School Link,Matriculation,,,,,Sathy Town Link,,,,,,,
,,,Kodumudi Town,S.S.V. Matriculation Higher Secondary School,Matriculation,,,,,Erode Main Road,,,,,,,
,,,,Sri Vigneshwara Nursery & Primary School,Matric (N&P),,,,,Kodumudi Town,,,,,,,
,,,,K.A.M.S. Nursery and Primary School,Matric (N&P),,,,,Thamaraipalayam,,,,,,,
,,,,Vivekananda Nursery & Primary School,Matric (N&P),,,,,Kodumudi Rural,,,,,,,
,,,,Sri Ramakrishna Nursery & Primary School,Matric (N&P),,,,,Unjalur,,,,,,,
,,,,Kongu Vellalar Matriculation Higher Secondary School Link,Matriculation,,,,,Muthur Road Link,,,,,,,
,,,,Agathiyar Matriculation Higher Secondary School Link,Matriculation,,,,,Kangayam Highway Link,,,,,,,
,,,,Sengunthar Matriculation Higher Secondary School Link,Matriculation,,,,,Thindal Link,,,,,,,
,,,,Bharathi Vidya Bhavan (BVB) Main Campus Link,CBSE,,,,,Thindal Malai Link,,,,,,,
,,,,Valluvar Vidyalaya Matric Hr. Sec. School Link,Matriculation,,,,,Trichy Main Road Link,,,,,,,
,,Salem,Salem Urban,Golden Gates Girls Matriculation Higher Secondary School,Matriculation,,,,,Yercaud Main Road,,,,,,,
,,,,Cluny Main Matriculation Higher Secondary School,Matriculation,,,,,Cherry Road,,,,,,,
,,,,Holy Cross Matriculation Higher Secondary School,Matriculation,,,,,Ammapet Road,,,,,,,
,,,,Saraswathi Vidyalaya Higher Secondary School,Matriculation,,,,,Arisipalayam,,,,,,,
,,,,Sona Valliappa Public School,CBSE,,,,,Junction Main Road,,,,,,,
,,,,Emerald Valley Public School,CBSE,,,,,Yercaud Foothills,,,,,,,
,,,,Gugai Matriculation Higher Secondary School,Matriculation,,,,,Gugai,,,,,,,
,,,,Sri Seshaas International Public School,CBSE,,,,,Yercaud Foothills Rd,,,,,,,
,,,,Little Angels Nursery & Primary School,Matric (N&P),,,,,Hasthampatti,,,,,,,
,,,,The Emerald Heights School,International / CBSE,,,,,Kondappanaickenpatti,,,,,,,
,,,Salem Rural,Salem Golden Gates Trichy Road Campus,Matriculation,,,,,Trichy Main Road,,,,,,,
,,,,Sivakasi Hindu Nadar Matric Higher Secondary School,Matriculation,,,,,Mallur,,,,,,,
,,,,Vidhyaaa Vikaas International School,CBSE,,,,,Kariampatti,,,,,,,
,,,,Sree Saravana Higher Secondary School,Matriculation,,,,,Gajjalnaickenpatti,,,,,,,
,,,,Sri Chaitanya Techno School,CBSE,,,,,Seelanaickenpatti,,,,,,,
,,,,Vikas Vidyalaya Matric Higher Secondary School,Matriculation,,,,,Ayothiyapattinam,,,,,,,
,,,,Golden Gates Public School,CBSE,,,,,Steel Plant Road,,,,,,,
,,,,Sri Vigneshwara Nursery & Primary School,Matric (N&P),,,,,Mallur Town,,,,,,,
,,,,K.A.M.S. Nursery and Primary School,Matric (N&P),,,,,Panamarathupatti Road,,,,,,,
,,,,Emerald Valley Public School Link,CBSE,,,,,Yercaud Foothills Link,,,,,,,
,,,Omalur Block,Saranathan Academy CBSE School,CBSE,,,,,Omalur Town,,,,,,,
,,,,Sri Vijay Vidyalaya Matric Higher Secondary School,Matriculation,,,,,Dharmapuri Main Road,,,,,,,
,,,,Muthumariamman Matriculation Higher Secondary School,Matriculation,,,,,Mettur Main Road,,,,,,,
,,,,Adharsh Vidyalaya Matric Higher Secondary School,Matriculation,,,,,Omalur Rural Area,,,,,,,
,,,,Sri Vigneshwara Nursery & Primary School,Matric (N&P),,,,,Omalur Center,,,,,,,
,,,,K.A.M.S. Nursery and Primary School,Matric (N&P),,,,,Tholasampatti Road,,,,,,,
,,,,Little Angels Play School,Play / Primary,,,,,Omalur Town,,,,,,,
,,,,Deam International School,CBSE,,,,,Mettur Highway Link,,,,,,,
,,,,Vidhyaaa Vikaas International School Link,CBSE,,,,,Kariampatti Link,,,,,,,
,,,,Sri Seshaas International Public School Link,CBSE,,,,,Yercaud Foothills Link,,,,,,,
,,,Sankagiri Block,St. Johns Matriculation Higher Secondary School,Matriculation,,,,,Bhavani Main Road,,,,,,,
,,,,Sri Vigneshwara Nursery & Primary School,Matric (N&P),,,,,Sankagiri Town,,,,,,,
,,,,Vivekananda Nursery & Primary School,Matric (N&P),,,,,Sankagiri Rural,,,,,,,
,,,,K.A.M.S. Nursery and Primary School,Matric (N&P),,,,,Vellanur Road Link,,,,,,,
,,,,Little Stars School,Play / Primary,,,,,Sankagiri Center,,,,,,,
,,,,Vivekanandha Matriculation Higher Secondary School Link,Matriculation,,,,,Tiruchengode Road Link,,,,,,,
,,,,Suryabala International School Link,CBSE,,,,,Sathy Main Road Link,,,,,,,
,,,,Ideal Higher Secondary School Link,Matriculation,,,,,Kanthampalayam Link,,,,,,,
,,,,Vidhyaalayam Public School Link,CBSE,,,,,Mettur Main Road Link,,,,,,,
,,,,Bhavan's Vidya Mandir Link,CBSE,,,,,Kalingarayanpalayam Link,,,,,,,
,,,Veerapandi Block,Sivakasi Hindu Nadar Matric Higher Secondary School Link,Matriculation,,,,,Mallur,,,,,,,
,,,,Sri Ramakrishna Matriculation School,Matriculation,,,,,Veerapandi Town,,,,,,,
,,,,Sri Vigneshwara Nursery & Primary School,Matric (N&P),,,,,Veerapandi Center,,,,,,,
,,,,K.A.M.S. Nursery and Primary School,Matric (N&P),,,,,Attayampatti Road,,,,,,,
,,,,Little Angels Play School,Play / Primary,,,,,Veerapandi Town,,,,,,,
,,,,Salem Golden Gates Trichy Road Campus Link,Matriculation,,,,,Trichy Main Road Link,,,,,,,
,,,,St. Johns Matriculation Higher Secondary School Link,Matriculation,,,,,Bhavani Main Road Link,,,,,,,
,,,,Vivekanandha Matriculation Higher Secondary School Link,Matriculation,,,,,Tiruchengode Road Link,,,,,,,
,,,,Holy Cross Matriculation Higher Secondary School Link,Matriculation,,,,,Ammapet Road Link,,,,,,,
,,,,Sona Valliappa Public School Link,CBSE,,,,,Junction Main Road Link,,,,,,,
,,,Edappadi Town,Sri Vijay Vidyalaya Matric Higher Secondary School,Matriculation,,,,,Sankagiri Main Road,,,,,,,
,,,,Amala Matriculation Higher Secondary School,Matriculation,,,,,Poolampatti Road,,,,,,,
,,,,Deam International School (Extension Campus),CBSE,,,,,Edappadi Town,,,,,,,
,,,,Sri Vigneshwara Nursery & Primary School,Matric (N&P),,,,,Edappadi Rural Area,,,,,,,
,,,,K.A.M.S. Nursery and Primary School,Matric (N&P),,,,,Koneripatti,,,,,,,
,,,,Little Angels Play School,Play / Primary,,,,,Edappadi Center,,,,,,,
,,,,St. Johns Matriculation Higher Secondary School Link,Matriculation,,,,,Bhavani Main Road Link,,,,,,,
,,,,Adharsh Vidhyalaya Matric Higher Secondary School Link,Matriculation,,,,,Paruvachi Road Link,,,,,,,
,,,,Vidhyaalayam Public School Link,CBSE,,,,,Mettur Main Road Link,,,,,,,
,,,,J.K.K. Nataraja Matriculation Higher Secondary School Link,Matriculation,,,,,Komarapalayam Bypass Link,,,,,,,
,,,Mettur & kolathur Block,Malco Vidhyalaya Matriculation Higher Secondary School,Matriculation,,,,,Veerakkalpudur,,,,,,,
,,,,Montfort Matric. Higher Secondary School,Matriculation,,,,,Kolathur Town,,,,,,,
,,,,Apple Perks International School,CBSE,,,,,"SVV Nagar, Thanda",,,,,,,
,,,,SE Academy,Matric / Primary,,,,,Chinnamettur,,,,,,,
,,,,J.B. Matriculation Higher Secondary School,Matriculation,,,,,Kolathur Town,,,,,,,
,,,,Holy Angels Matriculation Higher Secondary School,Matriculation,,,,,China Park,,,,,,,
,,,,MAM Matriculation Higher Secondary School,Matriculation,,,,,Madhaiyankuttai,,,,,,,
,,,,Sri Ramakrishna Vidhyalaya Matriculation School,Matriculation,,,,,Thanda Main Road,,,,,,,
,,,,Vaideshwara Vidyamandir Matriculation School,Matriculation,,,,,Mettur Post,,,,,,,
,,,,Jems School,CBSE / Matric,,,,,Savadiyur Kandanoor,,,,,,,
,,,,Nirmala Higher Secondary School (Private Wing),Matriculation,,,,,Kolathur Center,,,,,,,
,,,,SRV Educational Institutions (School Wing),Matric / CBSE,,,,,Pottaneri,,,,,,,
,,,,Kidspark Public School,Matric (N&P),,,,,Kolathur Area,,,,,,,
,,,,Sri Saraswathi Vidhyalaya School,Matric (N&P),,,,,Kolathur Rural,,,,,,,
,,,,Tiny Titans Kindergarten School,Play / Primary,,,,,Kolathur Town,,,,,,,
,,,"Nangavalli Nangavalli, Mecheri
 & yercaud (Hill area) Block",Isha Vidhya Ramaniyam Matriculation Hr. Sec. School,Matriculation,,,,,Vanavasi Post,,,,,,,
,,,,Genius Academy (Zion School Campus),CBSE,,,,,Attavanai Street,,,,,,,
,,,,Sri Jothi Higher Secondary School Link,Matriculation,,,,,Tharamangalam Rd Link,,,,,,,
,,,,Sri Vigneshwara Nursery & Primary School,Matric (N&P),,,,,Nangavalli Town,,,,,,,
,,,,K.A.M.S. Nursery and Primary School,Matric (N&P),,,,,Nangavalli Region,,,,,,,
,,,,Meenampark Matriculation Higher Secondary School,Matriculation,,,,,"Parktown, M.Kalipatti",,,,,,,
,,,,Sri Raghavendra Matric Higher Secondary School,Matriculation,,,,,Thoppur-Mettur Road,,,,,,,
,,,,Malco Vidyalaya Matriculation Higher Secondary School,Matriculation,,,,,Mecheri Town,,,,,,,
,,,,SSV Public School (Kuttapatti Campus),CBSE,,,,,Kuttapatti Area,,,,,,,
,,,,Paraikallur Private Nursery & Primary Wing,Matric (N&P),,,,,Paraikallur Cluster,,,,,,,
,,,,Sacred Heart School (CBSE Wing),CBSE,,,,,Convent Road Link,,,,,,,
,,,,Montfort School-ICSE / Anglo Indian,ICSE / ISC,,,,,Hill Church Road,,,,,,,
,,,,Shevaroys Valley Boarding School,CBSE,,,,,Vazhavandhi Hills,,,,,,,
,,,,St. Charles Residential School,CBSE,,,,,Kuppanur Ghat Road,,,,,,,
,,,,Central Learning Campus Residential Wing,CBSE / Matric,,,,,Vazhavandhi Area,,,,,,,
,,,Ayothiapattinam Block,Thangam World School,CBSE,,,,,New Attur Bye-Pass,,,,,,,
,,,,Vikas Vidyalaya Matric Higher Secondary School,Matriculation,,,,,Ayothiyapattinam Town,,,,,,,
,,,,Sri Ramakrishna Nursery & Primary School,Matric (N&P),,,,,Ayothiapattinam Region,,,,,,,
,,,,K.A.M.S. Nursery and Primary School,Matric (N&P),,,,,Masinaickenpatti,,,,,,,
,,,,Little Angels Play School,Play / Primary,,,,,Ayothiyapattinam Town,,,,,,,
,,,,Sri Ramakrishna Matriculation Higher Secondary School Link,Matriculation,,,,,Valapady Link,,,,,,,
,,,,Salem Golden Gates Trichy Road Campus Link,Matriculation,,,,,Trichy Main Road Link,,,,,,,
,,,,Golden Gates Girls Matriculation Higher Secondary School Link,Matriculation,,,,,Yercaud Main Road Link,,,,,,,
,,,,Emerald Valley Public School Link,CBSE,,,,,Yercaud Foothills Link,,,,,,,
,,,,Sacred Heart School Link,CBSE,,,,,Yercaud Hills Link,,,,,,,
,,,Valapady Block,Sri Ramakrishna Matriculation Higher Secondary School,Matriculation,,,,,Valapady Town,,,,,,,
,,,,Sri Vigneshwara Nursery & Primary School,Matric (N&P),,,,,Valapady Center,,,,,,,
,,,,K.A.M.S. Nursery and Primary School,Matric (N&P),,,,,Belur Road,,,,,,,
,,,,Vivekananda Nursery & Primary School,Matric (N&P),,,,,Valapady Rural,,,,,,,
,,,,Little Angels Play School,Play / Primary,,,,,Valapady Town,,,,,,,
,,,,Thangam World School Link,CBSE,,,,,New Attur Bye-Pass Link,,,,,,,
,,,,Velammal Bodhi Campus Attur Link,CBSE,,,,,Deviyakurichi Link,,,,,,,
,,,,Bharathiyar Matric Higher Secondary School Link,Matriculation,,,,,Attur Town Link,,,,,,,
,,,,Sri Ramakrishna Matriculation Higher Secondary School Link,Matriculation,,,,,Pethanaickenpalayam Link,,,,,,,
,,,,Salem Golden Gates Trichy Road Campus Link,Matriculation,,,,,Trichy Main Road Link,,,,,,,
,,,Kadayampatti Block,Sri Vijay Vidyalaya Matric Higher Secondary School,Matriculation,,,,,Kadayampatti Town,,,,,,,
,,,,Sri Ramakrishna Matriculation School,Matriculation,,,,,Kadayampatti Center,,,,,,,
,,,,Sri Vigneshwara Nursery & Primary School,Matric (N&P),,,,,Kadayampatti Town,,,,,,,
,,,,K.A.M.S. Nursery and Primary School,Matric (N&P),,,,,Kadayampatti Region,,,,,,,
,,,,Little Stars School,Play / Primary,,,,,Kadayampatti Town,,,,,,,
,,,,Saranathan Academy CBSE School Link,CBSE,,,,,Omalur Town Link,,,,,,,
,,,,Muthumariamman Matriculation Higher Secondary School Link,Matriculation,,,,,Mettur Main Road Link,,,,,,,
,,,,Sri Raghavendra Matric Higher Secondary School Link,Matriculation,,,,,Thoppur-Mettur Road Link,,,,,,,
,,,,SSV Public School Link,CBSE,,,,,Kuttapatti Area Link,,,,,,,
,,,,Sri Vijay Vidyalaya Senior Secondary School Link,CBSE,,,,,Dharmapuri Main Road Link,,,,,,,
,,,Pethanaickenpalayam Block,Sri Ramakrishna Matriculation Higher Secondary School,Matriculation,,,,,Pethanaickenpalayam Town,,,,,,,
,,,,Sri Vigneshwara Nursery & Primary School,Matric (N&P),,,,,Pethanaickenpalayam Center,,,,,,,
,,,,Vivekananda Nursery & Primary School,Matric (N&P),,,,,Pethanaickenpalayam Rural Area,,,,,,,
,,,,K.A.M.S. Nursery and Primary School,Matric (N&P),,,,,Yercaud Foothills Road Link,,,,,,,
,,,,Little Angels Play School,Play / Primary,,,,,Pethanaickenpalayam Town,,,,,,,
,,,,Velammal Bodhi Campus Attur Link,CBSE,,,,,Deviyakurichi Link,,,,,,,
,,,,Bharathiyar Matric Higher Secondary School Link,Matriculation,,,,,Attur Town Link,,,,,,,
,,,,Tagore Matriculation Higher Secondary School Link,Matriculation,,,,,Deviyakurichi Link,,,,,,,
,,,,Kamarajar Matriculation Higher Secondary School Link,Matriculation,,,,,Thedavur Road Link,,,,,,,
,,,,Thangam World School Link,CBSE,,,,,New Attur Bye-Pass Link,,,,,,,
,,,Gangavalli Block,Kamarajar Matriculation Higher Secondary School,Matriculation,,,,,Thedavur Road,,,,,,,
,,,,Kamarajar Public School,CBSE,,,,,Thedavur Main Rd,,,,,,,
,,,,Sri Ramakrishna Nursery & Primary School,Matric (N&P),,,,,Gangavalli Town,,,,,,,
,,,,Vivekananda Nursery & Primary School,Matric (N&P),,,,,Gangavalli Rural Area,,,,,,,
,,,,Sri Vigneshwara Nursery & Primary School,Matric (N&P),,,,,Thammampatti Road,,,,,,,
,,,,Golden Gates Matriculation Higher Secondary School Link,Matriculation,,,,,Thammampatti Link,,,,,,,
,,,,Velammal Bodhi Campus Attur Link,CBSE,,,,,Deviyakurichi Link,,,,,,,
,,,,Bharathiyar Matric Higher Secondary School Link,Matriculation,,,,,Attur Town Link,,,,,,,
,,,,Tagore Matriculation Higher Secondary School Link,Matriculation,,,,,Deviyakurichi Link,,,,,,,
,,,,Rasi Vidhyasaram CBSE School Link,CBSE,,,,,Eachampatti Link,,,,,,,
,,,Attur Block,Velammal Bodhi Campus Attur,CBSE,,,,,Deviyakurichi,,,,,,,
,,,,Bharathiyar Matric Higher Secondary School,Matriculation,,,,,Attur Town,,,,,,,
,,,,Bharathiyar Hi-Tech International School,CBSE,,,,,Attur Town Area,,,,,,,
,,,,Sri Venkateswara Matriculation Higher Secondary School,Matriculation,,,,,Thalaivasal Post,,,,,,,
,,,,Green Park School Attur,CBSE,,,,,Selliyampalayam,,,,,,,
,,,,Sri S.R.V Matric Hr sec School,Matriculation,,,,,Narasingapuram,,,,,,,
,,,,Tagore Matriculation Higher Secondary School,Matriculation,,,,,Deviyakurichi,,,,,,,
,,,,Akchara Bala Bhavan CBSE School,CBSE,,,,,Narasingapuram,,,,,,,
,,,,Saraswathi Matric Higher Secondary School,Matriculation,,,,,Ammampalayam,,,,,,,
,,,,Little Flower Matriculation School,Matriculation,,,,,Nathakkarai,,,,,,,
,,,,Star Kids Montessori School,International / Play,,,,,Gandhi Puram,,,,,,,
,,,,EuroKids Preschool in Attur,International / Play,,,,,Gandhi Nagar Road,,,,,,,
,,,,Rasi Vidhyasaram CBSE School,CBSE,,,,,Eachampatti,,,,,,,
,,,,Kamarajar Matric & Public School,Matric / CBSE,,,,,Thedavur Road Link,,,,,,,
,,,,Thangam World School,CBSE,,,,,New Attur Bye-Pass,,,,,,,
,,Namakkal,Kolli Hills Block,Hilldales Matriculation Higher Secondary School,Matriculation,,,,,"Vasalurpatti, Semmedu",,,,,,,
,,,,Hill Dale Nursery & Primary School,Matric (N&P),,,,,Semmedu Town,,,,,,,
,,,,Vethaloga Vidhyalaya Senior Secondary School,CBSE,,,,,Sendamangalam Rd Link,,,,,,,
,,,,Vetha Loga Vidhyalaya Matric Higher Sec School,Matriculation,,,,,Akkiampatty Link,,,,,,,
,,,,The Childplan Academy Senior Secondary CBSE School,CBSE,,,,,Sendhamangalam Road,,,,,,,
,,,,Kalaimagal Nursery & Primary School,Matric (N&P),,,,,Belukurichi Foothills,,,,,,,
,,,,Kalaimagal Matriculation Higher Secondary School,Matriculation,,,,,Belukurichi Region,,,,,,,
,,,,Bharathi Matriculation Higher Secondary School,Matriculation,,,,,Foothills Highway Link,,,,,,,
,,,,Saraswathi Matric Higher Secondary School,Matriculation,,,,,Rasipuram Border Link,,,,,,,
,,,,Velammal Bodhi Campus,CBSE,,,,,Tiruchengode Main Road,,,,,,,
,,,Paramathi Velur,Kandamy International School,CBSE,,,,,Velur Town,,,,,,,
,,,,R.N. Oxford International School,CBSE,,,,,Paramathy Road,,,,,,,
,,,,Sri Chaitanya Techno School (Velur Campus),CBSE,,,,,Velur Bypass,,,,,,,
,,,,Narayana E-Techno School,CBSE,,,,,Paramathi Road,,,,,,,
,,,,Vivekananda Matriculation Higher Secondary School,Matriculation,,,,,Velur Town Area,,,,,,,
,,,,SPK Matriculation Higher Secondary School,Matriculation,,,,,Paramathi Region,,,,,,,
,,,,Kongu Vellalar Matriculation Higher Secondary School,Matriculation,,,,,Velur Town Center,,,,,,,
,,,,K.S.R. Matriculation Higher Secondary School (Link Wing),Matriculation,,,,,Paramathi Rural,,,,,,,
,,,,Malco Vidyalaya Matriculation Higher Secondary School (Link Wing),Matriculation,,,,,Velur Outer Link,,,,,,,
,,,,Sri Vigneshwara Nursery & Primary School,Matric (N&P),,,,,Paramathi Town,,,,,,,
,,,,K.A.M.S. Nursery and Primary School,Matric (N&P),,,,,Velur Rural Link,,,,,,,
,,,,Vivekananda Nursery & Primary School,Matric (N&P),,,,,Paramathi Center,,,,,,,
,,,,Sri Ramakrishna Nursery & Primary School,Matric (N&P),,,,,Velur Town,,,,,,,
,,,,Little Angels Play School,Play / Primary,,,,,Velur Center,,,,,,,
,,,,Tiny Tots Pre-School,Play / Primary,,,,,Paramathi Area,,,,,,,
,,,,National Public School,CBSE,,,,,Velur Bypass Road,,,,,,,
,,,,Spectrum Life School (Extension Wing),CBSE,,,,,Paramathi Road Link,,,,,,,
,,,,Golden Gates Public School (Velur Link),CBSE,,,,,Velur Region,,,,,,,
,,,,Green Park International School (Velur Campus Link),CBSE,,,,,Paramathi Link Road,,,,,,,
,,,,Vidhya Niketan Public School Link,CBSE,,,,,Velur Town Outer,,,,,,,
,,,Tiruchengode Block,Vidyaa Vikas International School,CBSE,,,,,Varagurampatti,,,,,,,
,,,,K.S.R. Akshara Academy,CBSE,,,,,Thokkavadi,,,,,,,
,,,,Avvai K.S.R Matriculation School,Matriculation,,,,,CHB Colony,,,,,,,
,,,,G Global School,IB / International,,,,,Rajagoundampalayam,,,,,,,
,,,,Narayana eTechno School,CBSE,,,,,Kollapatti,,,,,,,
,,,,Sri Chaitanya School,CBSE,,,,,Rajagoundampalayam,,,,,,,
,,,,Vriksha Global School,CBSE / International,,,,,Weavers Colony,,,,,,,
,,,,The Meridian International School,CBSE / International,,,,,Chinnathambipalayam,,,,,,,
,,,,SPK Gems School,CBSE,,,,,Kadachanallur,,,,,,,
,,,,Barani International School,CBSE,,,,,Tiruchengode Town,,,,,,,
,,,,Valaraigate Vidyalayam (V-School),CBSE,,,,,Thondikaradu,,,,,,,
,,,,Vidyaa Vikas Boys Higher Secondary School,Matriculation,,,,,Emapalli,,,,,,,
,,,,Vidyaa Vikas Girls Higher Secondary School,Matric / CBSE,,,,,Emapalli,,,,,,,
,,,,Revathi Central School,CBSE,,,,,Seetharampalayam,,,,,,,
,,,,Vivekananda Vidya Bhavan Matric Higher Secondary School,Matriculation,,,,,Namakkal Main Road,,,,,,,
,,,,Sengunthar Matriculation Higher Secondary School,Matriculation,,,,,Tiruchengode Rural,,,,,,,
,,,,Reliance Matric Higher Secondary School,Matriculation,,,,,Tiruchengode Center,,,,,,,
,,,,Vishnu Vidhyalaya Matriculation School,Matriculation,,,,,Seetharampalayam,,,,,,,
,,,,New Oxford Matric School,Matriculation,,,,,Karattupalayam,,,,,,,
,,,,Little Wonders Kindergarten,Play / Primary,,,,,CHB Colony,,,,,,,
,,,Rasipuram Block,Vidyaa Vikas International School,CBSE,,,,,Tiruchengode Road,,,,,,,
,,,,Vidyaa Vikaas Matriculation Higher Secondary School,Matriculation,,,,,"V.V. Nagar, Attur Rd",,,,,,,
,,,,Sri Chaitanya Techno School,CBSE,,,,,Salem Main Road,,,,,,,
,,,,Green Park International School (Rasipuram Campus Link),CBSE,,,,,Rasipuram Town Area,,,,,,,
,,,,Kurinji Senior Secondary School,CBSE,,,,,Rasipuram Rural,,,,,,,
,,,,Muthayammal Memorial Higher Secondary School (Private Wing),Matriculation,,,,,Kakavari Post,,,,,,,
,,,,S.R.V. Educational Institutions (Rasipuram Link Campus),Matric / CBSE,,,,,Rasipuram Center,,,,,,,
,,,,Sowdambikaa Matriculation Higher Secondary School,Matriculation,,,,,Rasipuram Town,,,,,,,
,,,,A.K.V. Public School,CBSE,,,,,Mallasamudram Rd,,,,,,,
,,,,A.K.V. Matric Higher Secondary School,Matriculation,,,,,"Salem Highway, Annaikattu",,,,,,,
,,,,Paavai Vidhyashram Senior Secondary School,CBSE,,,,,"Paavai Nagar, NH-44",,,,,,,
,,,,Golden Gates Public School (Rasipuram Link),CBSE,,,,,Rasipuram Region,,,,,,,
,,,,Sri Ramakrishna Nursery & Primary School,Matric (N&P),,,,,Rasipuram Rural,,,,,,,
,,,,K.A.M.S. Nursery and Primary School,Matric (N&P),,,,,Attur Main Road,,,,,,,
,,,,Little Angels Play School,Play / Primary,,,,,Rasipuram Town Center,,,,,,,
,,,,National Public School,CBSE,,,,,Rasipuram Bazaar,,,,,,,
,,,,Saraswathi Nursery & Primary School,Matric (N&P),,,,,Rasipuram Block Area,,,,,,,
,,,,Spectrum Life School (Extension Wing),CBSE,,,,,Tiruchengode Road Link,,,,,,,
,,,,Tiny Tots Pre-School,Play / Primary,,,,,Rasipuram Rural Area,,,,,,,
,,,,Vivekananda Nursery & Primary School,Matric (N&P),,,,,Rasipuram Center,,,,,,,
,,,Namakkal Block,Green Park International School,CBSE,,,,,Bodupatti,,,,,,,
,,,,Green Park Matriculation Higher Secondary School,Matriculation,,,,,Nallipalayam,,,,,,,
,,,,The Navodaya Academy Senior Secondary School,CBSE,,,,,Namakkal Fort,,,,,,,
,,,,Vethaloga Vidhyalaya (CBSE & Matric Link),CBSE / Matric,,,,,Sendamangalam Rd,,,,,,,
,,,,Kurinji Matric Higher Secondary School,Matriculation,,,,,Kavettipatty,,,,,,,
,,,,Narayana E-Techno School (Senior Secondary),CBSE,,,,,Tiruchengodu Road,,,,,,,
,,,,SAMSIDH SVBM Senior Secondary School,CBSE,,,,,Namakkal Bazaar,,,,,,,
,,,,Park Public School,CBSE,,,,,Periyapatti,,,,,,,
,,,,Spectrum Life School,CBSE,,,,,Namakkal Fort,,,,,,,
,,,,SRV Excel Matriculation Higher Secondary School,Matriculation,,,,,Mohanur Road,,,,,,,
,,,,SRV Hi-Tech Girls Higher Secondary School,Matriculation,,,,,Namakkal Region,,,,,,,
,,,,Bharathi Academy,CBSE,,,,,Reddipatti,,,,,,,
,,,,Chandra Chellappan International School,CBSE / International,,,,,Thalambadi,,,,,,,
,,,,Malar Matric Higher Secondary School,Matriculation,,,,,Namakkal Center,,,,,,,
,,,,Children's Park Nursery & Primary School,Matric (N&P),,,,,Namakkal Block,,,,,,,
,,,,Selvam Matric School,Matriculation,,,,,Namakkal Fort,,,,,,,
,,,,National Public School,CBSE,,,,,Namakkal Bazaar,,,,,,,
,,,,OHAA School IGCSE,IGCSE / CIE,,,,,Namakkal Fort,,,,,,,
,,,,Dhorna Nursery & Primary School,Matric (N&P),,,,,Namakkal Area,,,,,,,
,,,,Dr. MSU Murthy School of Excellence,CBSE,,,,,Paramathy Main Rd,,,,,,,
,,Dharmapuri,Dharmapuri Town,Sri Vijay Vidyalaya Matric Higher Secondary School,Matriculation,,,,,Pennagaram Road,,,,,,,
,,,,Sri Vijay Vidyashram Senior Secondary School,CBSE,,,,,Salai Vinayagar St,,,,,,,
,,,,The Vijay Millennium Senior Secondary School,CBSE,,,,,Pennagaram Main Rd,,,,,,,
,,,,Dawn Shikshalaya Public School,CBSE,,,,,Salai Vinayagar Kovil Street,,,,,,,
,,,,The Dawn Matriculation Higher Secondary School,Matriculation,,,,,Salai Vinayagar Koil Street,,,,,,,
,,,,SASSI Gnanodaya Academy CBSE,CBSE,,,,,Krishnagiri Main Road,,,,,,,
,,,,Pachamuthu Matric Higher Secondary School,Matriculation,,,,,Salem Main Road,,,,,,,
,,,,DNV International Academy,IGCSE / CIE,,,,,Near ASTC Nagar,,,,,,,
,,,,Little Scholars Pre School,Play / Primary,,,,,Kumarasamypet,,,,,,,
,,,,Seventh Day Adventist Matric Higher Secondary School,Matriculation,,,,,Opposite Collectorate,,,,,,,
,,,,Senthil Matric Higher Secondary School,Matriculation,,,,,Narasimmachari St,,,,,,,
,,,,Senthil Public School,CBSE,,,,,Adhiyamankottai Rd,,,,,,,
,,,,Kamalam International School,CBSE,,,,,Dharmapuri Bazaar,,,,,,,
,,,,Indian Matriculation Higher Secondary School,Matriculation,,,,,Dharmapuri Center,,,,,,,
,,,,Indian Public School,CBSE,,,,,Dharmapuri Region,,,,,,,
,,,,Sivam International School,CBSE,,,,,Pennagaram Main Road,,,,,,,
,,,,Great Valley International School,CBSE,,,,,Dharmapuri Outer,,,,,,,
,,,,Taruwin Vidhya Mandir Universal Model School,CBSE,,,,,Dharmapuri Ho,,,,,,,
,,,,Cambridge Public E School,CBSE,,,,,Dharmapuri Area,,,,,,,
,,,,Velankanni Public School,CBSE,,,,,Dharmapuri Town,,,,,,,
,,,V.G. Palayam Cluster,Vidhya Dham CBSE School,CBSE,,,,,V.G. Palayam Town,,,,,,,
,,,,Vidhya Dham Matriculation Higher Secondary School,Matriculation,,,,,V.G. Palayam Town,,,,,,,
,,,,Siva Matriculation School,Matriculation,,,,,V.G. Palayam Rural,,,,,,,
,,,,Sri Vijay Vidyalaya Matric Higher Secondary School Link,Matriculation,,,,,Pennagaram Road Link,,,,,,,
,,,,The Vijay Millennium Senior Secondary School Link,CBSE,,,,,Pennagaram Main Rd Link,,,,,,,
,,,,Senthil Public School Link,CBSE,,,,,Adhiyamankottai Link,,,,,,,
,,,,Sri Ramakrishna Nursery & Primary School,Matric (N&P),,,,,V.G. Palayam Area,,,,,,,
,,,,K.A.M.S. Nursery and Primary School,Matric (N&P),,,,,V.G. Palayam Center,,,,,,,
,,,,Sri Vijay Vidyashram Senior Secondary School Link,CBSE,,,,,Nallampalli Link Road,,,,,,,
,,,,Kamalam International School Link,CBSE,,,,,Dharmapuri Outer Link,,,,,,,
,,,Ungaranahalli Cluster,Sree Sivanivel Vidyalaya High School,Matriculation,,,,,Ungaranahalli Town,,,,,,,
,,,,Sree Sivanivel Vidhyalaya Matriculation School,Matriculation,,,,,Ungaranahalli Village,,,,,,,
,,,,New Horizon Seniors Academy Matric Higher Secondary School,Matriculation,,,,,"Chettiyur, A.Jettihalli",,,,,,,
,,,,Sri Viswabharathi Matriculation Higher Secondary School,Matriculation,,,,,"A.Gollahalli, Annasagaram",,,,,,,
,,,,Pachamuthu Matriculation Higher Secondary School,Matriculation,,,,,Annasagaram,,,,,,,
,,,,Sri Siddhi Vinayaga Matric School,Matriculation,,,,,Ungaranahalli Area,,,,,,,
,,,,Sri Amman Nursery & Primary School,Matric (N&P),,,,,Ungaranahalli Region,,,,,,,
,,,,Chandhini Nursery And Primary School,Matric (N&P),,,,,Ungaranahalli Town,,,,,,,
,,,,Yeshua International School ICSE,ICSE / ISC,,,,,"Senthil Nagar, Virupakshipuram",,,,,,,
,,,,Chutty Kidz International Dream School,Play / Primary,,,,,"Kumarapuri, Bharathipuram",,,,,,,
,,,,The Vijay Millennium Senior Secondary School,CBSE,,,,,"Pennagaram Main Road, Sogathur",,,,,,,
,,,,Senthil Public School (CBSE),CBSE,,,,,Old Hosur-Adhiyamankottai Road,,,,,,,
,,,,The Dawn Matriculation Higher Secondary School,Matriculation,,,,,Salai Vinayagar Koil Street,,,,,,,
,,,,Dawn Shikshalaya Public School (CBSE),CBSE,,,,,Salai Vinayagar Kovil Street,,,,,,,
,,,,Kamalam International CBSE School,CBSE,,,,,"Naduhalli, Kadagathur",,,,,,,
,,,Lakkiyampatti Cluster,Yeshua International School ICSE,ICSE / ISC,,,,,"Senthil Nagar, Virupakshipuram",,,,,,,
,,,,Jack and Jill Matriculation School,Matriculation,,,,,Bharathi Puram,,,,,,,
,,,,Sri Vidhya Mandir Matric Higher Secondary School,Matriculation,,,,,"Water Tank Road, Collectorate",,,,,,,
,,,,Sri Viswabharathi Matriculation Higher Secondary School,Matriculation,,,,,"A.Gollahalli, Annasagaram",,,,,,,
,,,,Sri Siddhi Vinayaka Matriculation School,Matriculation,,,,,Elakkiampatti Region,,,,,,,
,,,,Chandhini Nursery And Primary School,Matric (N&P),,,,,Lakkiyampatti Town,,,,,,,
,,,,Chutty Kidz International Pre School,Play / Primary,,,,,"Kumarapuri, Bharathipuram",,,,,,,
,,,,Little Ville Preschool,Play / Primary,,,,,Elakkiampatti Center,,,,,,,
,,,,The Vijay Millennium Senior Secondary School,CBSE,,,,,"Pennagaram Main Road, Sogathur",,,,,,,
,,,,Senthil Public School (CBSE),CBSE,,,,,Old Hosur-Adhiyamankottai Road,,,,,,,
,,,,Great Valley International School,CBSE,,,,,"Poosaripatti, Kadagathur",,,,,,,
,,,,Sassi Gnanodaya Academy CBSE,CBSE,,,,,"Krishnagiri Main Road, Souloor",,,,,,,
,,,,Pachamuthu Matric Higher Secondary School,Matriculation,,,,,Salem Main Road,,,,,,,
,,,,The Dawn Matriculation Higher Secondary School,Matriculation,,,,,Salai Vinayagar Koil Street,,,,,,,
,,,,Dawn Shikshalaya Public School,CBSE,,,,,Thiru Vee Kalyanasundaranar St,,,,,,,
,,,Avvaiyar Cluster,Avvai Vidhyashram Public School,CBSE,,,,,"Jadayampatti, Morappur",,,,,,,
,,,,Sri Vijay Vidyalaya Matric Higher Secondary School,Matriculation,,,,,Pennagaram Road,,,,,,,
,,,,Pachamuthu Matriculation Higher Secondary School,Matriculation,,,,,Salem Main Road,,,,,,,
,,,,The Vijay Millennium Senior Secondary School,CBSE,,,,,Pennagaram Main Rd,,,,,,,
,,,,Dawn Shikshalaya Public School,CBSE,,,,,Salai Vinayagar Kovil St,,,,,,,
,,,,The Dawn Matriculation Higher Secondary School,Matriculation,,,,,Salai Vinayagar Koil Street,,,,,,,
,,,,Kamalam International CBSE School,CBSE,,,,,"Naduhalli, Kadagathur",,,,,,,
,,,,Sri Siddhi Vinayaka Matriculation School,Matriculation,,,,,Dharmapuri Town Link,,,,,,,
,,,,Seventh Day Adventist Matric Higher Secondary School,Matriculation,,,,,Opposite Collectorate,,,,,,,
,,,,Chutty Kidz International Dream School,Play / Primary,,,,,"Kumarapuri, Bharathipuram",,,,,,,
,,,Solakkottai Cluster,Sri Vidya Vikas School,Matriculation,,,,,Solakkottai Town,,,,,,,
,,,,Kamarasar Matriculation School,Matriculation,,,,,Krishnapuram Link,,,,,,,
,,,,Sri Bhakiyam Vidhyalaya,Matriculation,,,,,Solakkottai Area,,,,,,,
,,,,Sharon High School,Matriculation,,,,,Solakkottai Rural,,,,,,,
,,,,Ms Vidhyalaya Nursing And Primary School,Matric (N&P),,,,,Naickanahalli Road,,,,,,,
,,,,Sri Balaji High Tech School,Matriculation,,,,,Solakkottai Town,,,,,,,
,,,,Baarath Matriculation School,Matriculation,,,,,Solakkottai Region,,,,,,,
,,,,Dawn Shikshalaya Public School,CBSE,,,,,Thiru Vee Kalyanasundaranar St,,,,,,,
,,,,Sri Vijay Vidyalaya Matriculation Higher Secondary School,Matriculation,,,,,Pennagaram Road Link,,,,,,,
,,,,Kamalam International School,CBSE,,,,,Palacode Road Link,,,,,,,
,,,,The Vijay Millennium Senior Secondary School,CBSE,,,,,"Pennagaram Main Road, Sogathur",,,,,,,
,,,,Variyar Higher Secondary School,Matriculation,,,,,Sogathur X Road,,,,,,,
,,,,Yeshua International School ICSE,ICSE / ISC,,,,,"Senthil Nagar, Virupakshipuram",,,,,,,
,,,,Jack & Jill Nursery And Primary School,Matric (N&P),,,,,Lakkiampatty Area,,,,,,,
,,,,St. Arokia Annai CBSE School,CBSE,,,,,"New Dharmapuri, NH-844",,,,,,,
,,,,School Name,Board,,,,,Area,,,,,,,
,,,,Kamalam International School,CBSE,,,,,"Palacode Road, Kamalam Nagar",,,,,,,
,,,,Sri Annamalaiyar Matriculation School,Matriculation,,,,,Hale Dharmapuri,,,,,,,
,,,,Sri Viswabharathi Matriculation Higher Secondary School,Matriculation,,,,,"A.Gollahalli, Annasagaram",,,,,,,
,,,,Pachamuthu Matriculation Higher Secondary School,Matriculation,,,,,Annasagaram Link,,,,,,,
,,,,Krishna Vikas Matriculation School,Matriculation,,,,,Hale Dharmapuri Area,,,,,,,
,,,,Kamarasar Matriculation School,Matriculation,,,,,Thokkampatti Link,,,,,,,
,,,,Variyar Higher Secondary School,Matriculation,,,,,Sogathur X Road Link,,,,,,,
,,,,Auxilium Matriculation Higher Secondary School,Matriculation,,,,,Sogathur Road Link,,,,,,,
,,,,Sri Vinayaga Matriculation School,Matriculation,,,,,Hale Dharmapuri Region,,,,,,,
,,,,Chandhini Nursery And Primary School,Matric (N&P),,,,,Hale Dharmapuri Town,,,,,,,
,,,,The Vijay Millennium Senior Secondary School,CBSE,,,,,"Pennagaram Main Road, Sogathur",,,,,,,
,,,,SASSI Gnanodaya Academy CBSE,CBSE,,,,,"Krishnagiri Main Road, Souloor",,,,,,,
,,,,The Dawn Matriculation Higher Secondary School,Matriculation,,,,,Salai Vinayagar Koil Street,,,,,,,
,,,,Dawn Shikshalaya Public School,CBSE,,,,,Thiru Vee Kalyanasundaranar St,,,,,,,
,,,,Yeshua International School ICSE,ICSE / ISC,,,,,"Senthil Nagar, Virupakshipuram",,,,,,,
,,,Sandaipetai Cluster,Sri Vijay Vidyalaya Matric Higher Secondary School,Matriculation,,,,,"Pennagaram Road, Sandaipetai Area",,,,,,,
,,,,Sri Vijay Vidyashram Senior Secondary School,CBSE,,,,,Salai Vinayagar Street,,,,,,,
,,,,Dawn Shikshalaya Public School,CBSE,,,,,Thiru Vee Kalyanasundaranar St,,,,,,,
,,,,The Dawn Matriculation Higher Secondary School,Matriculation,,,,,Salai Vinayagar Koil Street,,,,,,,
,,,,SASSI Gnanodaya Academy CBSE,CBSE,,,,,Krishnagiri Main Road,,,,,,,
,,,,Pachamuthu Matriculation Higher Secondary School,Matriculation,,,,,Salem Main Road Link,,,,,,,
,,,,Sri Siddhi Vinayaka Matriculation School,Matriculation,,,,,Dharmapuri Town Link,,,,,,,
,,,,Chutty Kidz International Dream School,Play / Primary,,,,,"Kumarapuri, Bharathipuram",,,,,,,
,,,,Little Scholars Pre School,Play / Primary,,,,,Kumarasamypet Link,,,,,,,
,,,,The Vijay Millennium Senior Secondary School,CBSE,,,,,"Pennagaram Main Road, Sogathur",,,,,,,
,,,,Senthil Public School (CBSE),CBSE,,,,,Old Hosur-Adhiyamankottai Road,,,,,,,
,,,,Kamalam International CBSE School,CBSE,,,,,"Naduhalli, Kadagathur",,,,,,,
,,,,Yeshua International School ICSE,ICSE / ISC,,,,,"Senthil Nagar, Virupakshipuram",,,,,,,
,,,,Jack & Jill Nursery And Primary School,Matric (N&P),,,,,Lakkiampatty Area,,,,,,,
,,,,St. Arokia Annai CBSE School,CBSE,,,,,"New Dharmapuri, NH-844",,,,,,,
,,,Mukkalnaickampatti Cluster,Adhiyaman Matriculation Higher Secondary School,Matriculation,,,,,Mukkalnaickampatti Town,,,,,,,
,,,,Sri Ramakrishna Nursery & Primary School,Matric (N&P),,,,,Mukkalnaickampatti Center,,,,,,,
,,,,Siva Matriculation School Link,Matriculation,,,,,Mukkalnaickampatti Region,,,,,,,
,,,,K.A.M.S. Nursery and Primary School,Matric (N&P),,,,,Mukkalnaickampatti Rural,,,,,,,
,,,,The Vijay Millennium Senior Secondary School,CBSE,,,,,Pennagaram Main Rd Link,,,,,,,
,,,,Sri Vijay Vidyalaya Matric Higher Secondary School,Matriculation,,,,,Pennagaram Road Link,,,,,,,
,,,,Dawn Shikshalaya Public School,CBSE,,,,,Thiru Vee Kalyanasundaranar St,,,,,,,
,,,,Senthil Public School (CBSE),CBSE,,,,,Old Hosur-Adhiyamankottai Road,,,,,,,
,,,,Kamalam International CBSE School,CBSE,,,,,"Naduhalli, Kadagathur",,,,,,,
,,,,Yeshua International School ICSE,ICSE / ISC,,,,,"Senthil Nagar, Virupakshipuram Link",,,,,,,
,,,,Jack & Jill Nursery And Primary School,Matric (N&P),,,,,Lakkiampatty Area Link,,,,,,,
,,,,St. Arokia Annai CBSE School,CBSE,,,,,"New Dharmapuri, NH-844 Link",,,,,,,
,,,,Variyar Higher Secondary School,Matriculation,,,,,Sogathur X Road Link,,,,,,,
,,,,Auxilium Matriculation Higher Secondary School,Matriculation,,,,,Sogathur Road Link,,,,,,,
,,,,Sri Annamalaiyar Matriculation School,Matriculation,,,,,Hale Dharmapuri Link,,,,,,,
,,,ZPHS (G) Cluster,Sri Vijay Vidyalaya Matric Higher Secondary School,Matriculation,,,,,Pennagaram Road,,,,,,,
,,,,Sri Vijay Vidyashram Senior Secondary School,CBSE,,,,,Salai Vinayagar Street,,,,,,,
,,,,Dawn Shikshalaya Public School,CBSE,,,,,Thiru Vee Kalyanasundaranar St,,,,,,,
,,,,The Dawn Matriculation Higher Secondary School,Matriculation,,,,,Salai Vinayagar Koil Street,,,,,,,
,,,,SASSI Gnanodaya Academy CBSE,CBSE,,,,,Krishnagiri Main Road,,,,,,,
,,,,Pachamuthu Matriculation Higher Secondary School,Matriculation,,,,,Salem Main Road Link,,,,,,,
,,,,Sri Siddhi Vinayaka Matriculation School,Matriculation,,,,,Dharmapuri Town Link,,,,,,,
,,,,Chutty Kidz International Dream School,Play / Primary,,,,,"Kumarapuri, Bharathipuram",,,,,,,
,,,,Little Scholars Pre School,Play / Primary,,,,,Kumarasamypet Link,,,,,,,
,,,,The Vijay Millennium Senior Secondary School,CBSE,,,,,"Pennagaram Main Road, Sogathur",,,,,,,
,,,,Senthil Public School (CBSE),CBSE,,,,,Old Hosur-Adhiyamankottai Road,,,,,,,
,,,,Kamalam International CBSE School,CBSE,,,,,"Naduhalli, Kadagathur",,,,,,,
,,,,Yeshua International School ICSE,ICSE / ISC,,,,,"Senthil Nagar, Virupakshipuram",,,,,,,
,,,,Jack & Jill Nursery And Primary School,Matric (N&P),,,,,Lakkiampatty Area,,,,,,,
,,,,St. Arokia Annai CBSE School,CBSE,,,,,"New Dharmapuri, NH-844",,,,,,,
,,,Thippireddihalli Cluster,Sri Vijay Vidyalaya Matric Higher Secondary School Link,Matriculation,,,,,Pennagaram Road Link,,,,,,,
,,,,Sri Ramakrishna Nursery & Primary School,Matric (N&P),,,,,Thippireddihalli Center,,,,,,,
,,,,Siva Matriculation School Link,Matriculation,,,,,Thippireddihalli Region,,,,,,,
,,,,K.A.M.S. Nursery and Primary School,Matric (N&P),,,,,Thippireddihalli Rural,,,,,,,
,,,,The Vijay Millennium Senior Secondary School,CBSE,,,,,Pennagaram Main Rd Link,,,,,,,
,,,,Dawn Shikshalaya Public School,CBSE,,,,,Thiru Vee Kalyanasundaranar St,,,,,,,
,,,,Senthil Public School (CBSE),CBSE,,,,,Old Hosur-Adhiyamankottai Road,,,,,,,
,,,,Kamalam International CBSE School,CBSE,,,,,"Naduhalli, Kadagathur",,,,,,,
,,,,Yeshua International School ICSE,ICSE / ISC,,,,,"Senthil Nagar, Virupakshipuram Link",,,,,,,
,,,,Jack & Jill Nursery And Primary School,Matric (N&P),,,,,Lakkiampatty Area Link,,,,,,,
,,,,St. Arokia Annai CBSE School,CBSE,,,,,"New Dharmapuri, NH-844 Link",,,,,,,
,,,,Variyar Higher Secondary School,Matriculation,,,,,Sogathur X Road Link,,,,,,,
,,,,Auxilium Matriculation Higher Secondary School,Matriculation,,,,,Sogathur Road Link,,,,,,,
,,,,Sri Annamalaiyar Matriculation School,Matriculation,,,,,Hale Dharmapuri Link,,,,,,,
,,,,Adhiyaman Matriculation Higher Secondary School,Matriculation,,,,,Mukkalnaickampatti Town Link,,,,,,,
,,,Kadagathur Cluster,Kamalam International CBSE School,CBSE,,,,,"Naduhalli, Kadagathur",,,,,,,
,,,,Kamalam International School,CBSE,,,,,"Palacode Road, Kamalam Nagar",,,,,,,
,,,,Great Valley International School,CBSE,,,,,"Poosaripatti, Kadagathur",,,,,,,
,,,,Sri Ramakrishna Nursery & Primary School,Matric (N&P),,,,,Kadagathur Town,,,,,,,
,,,,K.A.M.S. Nursery and Primary School,Matric (N&P),,,,,Kadagathur Region,,,,,,,
,,,,Siva Matriculation School Link,Matriculation,,,,,Kadagathur Rural Area,,,,,,,
,,,,Sri Vijay Vidyalaya Matric Higher Secondary School,Matriculation,,,,,Pennagaram Road Link,,,,,,,
,,,,The Vijay Millennium Senior Secondary School,CBSE,,,,,Pennagaram Main Rd Link,,,,,,,
,,,,Dawn Shikshalaya Public School,CBSE,,,,,Thiru Vee Kalyanasundaranar St,,,,,,,
,,,,Senthil Public School (CBSE),CBSE,,,,,Old Hosur-Adhiyamankottai Road,,,,,,,
,,,,Yeshua International School ICSE,ICSE / ISC,,,,,"Senthil Nagar, Virupakshipuram Link",,,,,,,
,,,,Jack & Jill Nursery And Primary School,Matric (N&P),,,,,Lakkiampatty Area Link,,,,,,,
,,,,St. Arokia Annai CBSE School,CBSE,,,,,"New Dharmapuri, NH-844 Link",,,,,,,
,,,,Variyar Higher Secondary School,Matriculation,,,,,Sogathur X Road Link,,,,,,,
,,,,Auxilium Matriculation Higher Secondary School,Matriculation,,,,,Sogathur Road Link,,,,,,,
,,Krishnagiri,Bargur Block,Selva International School,CBSE,,,,,B.R.G. Madhepalli Post,,,,,,,
,,,,The Royal International School,CBSE,,,,,Rayakottai Main Road Link,,,,,,,
,,,,Sri Chaitanya Techno School,CBSE,,,,,Bargur Outer Road,,,,,,,
,,,,Senthil Public School (Bargur Extension),CBSE,,,,,Bargur Town Area,,,,,,,
,,,,Bargur Matriculation Higher Secondary School,Matriculation,,,,,Bargur Town Center,,,,,,,
,,,,Vani Matriculation Higher Secondary School,Matriculation,,,,,Santhur Post,,,,,,,
,,,,Sri Vidya Mandir Matriculation Higher Secondary School,Matriculation,,,,,Uthangarai Road Link,,,,,,,
,,,,Vailankanni Matriculation Higher Secondary School,Matriculation,,,,,Bargur Region,,,,,,,
,,,,St. Joseph's Nursery & Primary School,Matric (N&P),,,,,Bargur Center,,,,,,,
,,,,K.A.M.S. Nursery and Primary School,Matric (N&P),,,,,Bargur Rural Area,,,,,,,
,,,,Little Stars Montessori Preschool,Play / Primary,,,,,Gandhi Nagar,,,,,,,
,,,,Vivekananda Nursery & Primary School,Matric (N&P),,,,,Bargur Block Area,,,,,,,
,,,,Sri Ramakrishna Nursery & Primary School,Matric (N&P),,,,,Santhur Area Link,,,,,,,
,,,,Barani International School Link,CBSE,,,,,Krishnagiri Border Link,,,,,,,
,,,,The Vijay Millennium Senior Secondary School Link,CBSE,,,,,Rayakottai Road Link,,,,,,,
,,,Kaveripattinam Block,Elite Group of Schools,CBSE,,,,,"Indhira Nagar, Palacode Road",,,,,,,
,,,,Ashok Mission's Matric Hr Sec School,Matriculation,,,,,"Kottavur, Nedungal",,,,,,,
,,,,Cambridge Public e-School,CBSE,,,,,"Kakkangarai, Savulur Main Road",,,,,,,
,,,,Royal Matric Higher Secondary School,Matriculation,,,,,"3/245, 1st Cross St, ARS Nagar",,,,,,,
,,,,MKS GopiKrishna Matric Hr. Sec School,Matriculation,,,,,"Major District Road 861, Mittahalli",,,,,,,
,,,,Daffodils Model School,Matriculation,,,,,"PVS Milmedu, Salem Main Rd",,,,,,,
,,,,National-in-Little Kidz School,Matric / Primary,,,,,"1st Cross, Sriramulu Nagar",,,,,,,
,,,,Archana International Residential School,CBSE / Matric,,,,,"NH-7, Salem Main Road, Thimapuram",,,,,,,
,,,,A. S. A. Montfort Nursery and Primary School,Matric (N&P),,,,,"Thomson Pet, Chowttahalli",,,,,,,
,,,,Thuvaraga Matric Hr. Sec. School,Matriculation,,,,,Kaveripattinam Area,,,,,,,
,,,,Sri Maruthi Innova Kids Nursery & Primary School,Matric (N&P),,,,,Kaveripattinam Region,,,,,,,
,,,,St. Pauls Nursery And Primary School,Matric (N&P),,,,,Kaveripattinam Center,,,,,,,
,,,,Seven Hills Nursery Primary School,Matric (N&P),,,,,Kaveripattinam Rural Area,,,,,,,
,,,,Thiru Arutprakasha Matriculation School,Matriculation,,,,,Kaveripattinam Area Link,,,,,,,
,,,,Nalanda International Public School,CBSE,,,,,"Salem Bypass Road, Periamuthu",,,,,,,
,,,Krishnagiri Town,Vailankanni Public School - CBSE,CBSE,,,,,Rayakottai Road,,,,,,,
,,,,The Vijay Millennium Senior Secondary School,CBSE,,,,,Rayakottai Road,,,,,,,
,,,,Sri Vijay Vidyalaya Matriculation Higher Secondary School,Matriculation,,,,,Venkatapuram,,,,,,,
,,,,Nalanda International Public School (NIPS),CBSE,,,,,Salem Bypass Road,,,,,,,
,,,,Grand Slam School of Excellence,CBSE,,,,,TNHB Second Phase,,,,,,,
,,,,Eden Garden English School (CBSE),CBSE,,,,,Ibrahim Vakil Colony,,,,,,,
,,,,Trinity Academy,CBSE,,,,,Wahab Nagar,,,,,,,
,,,,Sri Vijay Vidyalaya Matric High School,Matriculation,,,,,Old Pet Center,,,,,,,
,,,,CS International Montessori School,International / Play,,,,,Sathya Sai Nagar,,,,,,,
,,,,Little Wonders Pre School,Play / Primary,,,,,Krishnagiri Center,,,,,,,
,,,,St. Joseph's Nursery & Primary School,Matric (N&P),,,,,Co-operative Colony,,,,,,,
,,,,Vivekananda Nursery & Primary School,Matric (N&P),,,,,New Pet Area,,,,,,,
,,,,Royal Matriculation Higher Secondary School Link,Matriculation,,,,,Krishnagiri Outer Link,,,,,,,
,,,,K.A.M.S. Nursery and Primary School,Matric (N&P),,,,,Krishnagiri Block Area,,,,,,,
,,,,Senthil Public School (CBSE),CBSE,,,,,Subedarmedu Link,,,,,,,
,,,Mathur Block,Guna Matric Higher Secondary School,Matriculation,,,,,"Gendigampatti, Mathur",,,,,,,
,,,,Venkateswara Vidyalaya Matriculation Higher Secondary School,Matriculation,,,,,"Pichugoundanhalli, Mathur",,,,,,,
,,,,Edushine School of Excellence,ICSE / CISCE,,,,,"Krishnagiri Road, Mathur",,,,,,,
,,,,Shri Mathur Matriculation Higher Secondary School,Matriculation,,,,,Dharmapuri Tirupattur Road,,,,,,,
,,,,Kalaimagal Kalalaya School,Matriculation,,,,,"Batrahalli, Mathur",,,,,,,
,,,,Bharani International Modern School,CBSE / Matric,,,,,Mathur Region,,,,,,,
,,,,Sri Vigneshwara Nursery & Primary School,Matric (N&P),,,,,Mathur Town,,,,,,,
,,,,K.A.M.S. Nursery and Primary School,Matric (N&P),,,,,Mathur Rural Area,,,,,,,
,,,,SRV Matric Hr.Sec School of Excellency,Matriculation,,,,,"Ondimavathur, Pochampalli",,,,,,,
,,,,MGM Matriculation Higher Secondary School,Matriculation,,,,,"Jambukuttapatti, Pochampalli",,,,,,,
,,,,Adhiyaman Public School,CBSE,,,,,"NH77, Malligai Nagar, Uthangarai",,,,,,,
,,,,Sri Vidya Mandir Matriculation Higher Secondary School,Matriculation,,,,,"Ramamoorthy Nagar, Uthangarai",,,,,,,
,,,,Ashok Mission's Matric Hr Sec School,Matriculation,,,,,"Kottavur, Nedungal",,,,,,,
,,,,Selva International School (CBSE),CBSE,,,,,"Chennai-Bangalore Bypass, Bargur",,,,,,,
,,,,RIMS Vidyashram School,CBSE,,,,,"Kuppam Road, Kathinayanapalli",,,,,,,
,,,Uthangarai Block,Adhiyaman Public School,CBSE,,,,,"NH77, Malligai Nagar",,,,,,,
,,,,Sri Vidya Mandir Matriculation Higher Secondary School,Matriculation,,,,,"SH18, Ramamoorthy Nagar",,,,,,,
,,,,Vidhya Vikas Matric Higher Secondary School,Matriculation,,,,,Gangapirampatti,,,,,,,
,,,,Dheeran Chinnamalai International Residential School,CBSE,,,,,Bangalore Main Road,,,,,,,
,,,,Christ Matric Hr Sec School,Matriculation,,,,,"NH 66, Kalluganur",,,,,,,
,,,,Adhiyaman Matric Hr Sec School,Matriculation,,,,,Adhiyaman Nagar,,,,,,,
,,,,R.P.S Matric Hr.Sec. School,Matriculation,,,,,"R.P.S Nagar, Selagarampatti",,,,,,,
,,,,Thuvaraga Matric Hr. Sec. School,Matriculation,,,,,Uthangarai Area,,,,,,,
,,,,Surya Global School,CBSE,,,,,Panadavar Nagar,,,,,,,
,,,,Mothers Matric Higher Secondary School,Matriculation,,,,,Singarapettai Village,,,,,,,
,,,,Mary Ward Matric Higher School,Matriculation,,,,,"NH 77, Mittapalli",,,,,,,
,,,,Avvai Modern School,Matriculation,,,,,Uthangarai Region,,,,,,,
,,,,Cms Matriculation Higher Secondary School,Matriculation,,,,,Uthangarai Town Center,,,,,,,
,,,,Gurukulam Matriculation School,Matriculation,,,,,Uthangarai Rural,,,,,,,
,,,,Selva International School (CBSE) Link,CBSE,,,,,Chennai-Bangalore Bypass Link,,,,,,,
,,,Pochampalli Town,MGM Matriculation Higher Secondary School,Matriculation,,,,,Jambukuttapatti,,,,,,,
,,,,Notre Dame Academy,CBSE,,,,,Jambukuttapatti,,,,,,,
,,,,SRV Matriculation School of Excellence,Matriculation,,,,,Ondimavathur,,,,,,,
,,,,Sri Vinayaga Vidyalaya Matric School,Matriculation,,,,,Pochampalli Town,,,,,,,
,,,,Richmaan Matriculation School,Matriculation,,,,,Pochampalli Town,,,,,,,
,,,,Udhayaam Matriculation School,Matriculation,,,,,Pochampalli Area,,,,,,,
,,,,Sri Bala Vidhya Matric Higher Secondary School,Matriculation,,,,,Pochampalli Rural,,,,,,,
,,,,Anna Arivagam Higher Secondary School,Matriculation,,,,,Pochampalli Region,,,,,,,
,,,,Sri Ramakrishna Nursery & Primary School,Matric (N&P),,,,,Pochampalli Center,,,,,,,
,,,,K.A.M.S. Nursery and Primary School,Matric (N&P),,,,,Pochampalli Region,,,,,,,
,,,,Guna Matric Higher Secondary School Link,Matriculation,,,,,Gendigampatti Link,,,,,,,
,,,,Venkateswara Vidyalaya Matriculation Higher Secondary School Link,Matriculation,,,,,Pichugoundanhalli Link,,,,,,,
,,,,Edushine School of Excellence Link,ICSE / CISCE,,,,,Krishnagiri Road Link,,,,,,,
,,,,MKS GopiKrishna Matric Hr. Sec School Link,Matriculation,,,,,Mittahalli Link,,,,,,,
,,,,The Vijay Millennium Senior Secondary School Link,CBSE,,,,,Rayakottai Road Link,,,,,,,
,,,Veppanapalli Block,St. Joseph's International School,CBSE,,,,,Periyapanmudlu,,,,,,,
,,,,Sri Ranga Vidyalaya Nursery & Primary School,Matric (N&P),,,,,Veppanapalli Town,,,,,,,
,,,,Sri Vigneshwara Nursery & Primary School,Matric (N&P),,,,,Veppanapalli Region,,,,,,,
,,,,K.A.M.S. Nursery and Primary School,Matric (N&P),,,,,Veppanapalli Rural Area,,,,,,,
,,,,Little Wonders Pre School,Play / Primary,,,,,Veppanapalli Center,,,,,,,
,,,,Vailankanni Public School,CBSE,,,,,Rayakottai Road Link,,,,,,,
,,,,The Vijay Millennium Senior Secondary School,CBSE,,,,,Rayakottai Road Link,,,,,,,
,,,,Sri Vijay Vidyalaya Matriculation Higher Secondary School,Matriculation,,,,,Venkatapuram Link,,,,,,,
,,,,Nalanda International Public School,CBSE,,,,,Salem Bypass Road Link,,,,,,,
,,,,RIMS Vidyashram School,CBSE,,,,,Kathinayanapalli Link,,,,,,,
,,,Shoolagiri Block,Green Valley Public School,CBSE,,,,,Shoolagiri Town,,,,,,,
,,,,Sri Vigneshwara Nursery & Primary School,Matric (N&P),,,,,Shoolagiri Center,,,,,,,
,,,,K.A.M.S. Nursery and Primary School,Matric (N&P),,,,,Shoolagiri Rural Area,,,,,,,
,,,,Little Wonders Pre School,Play / Primary,,,,,Shoolagiri Center,,,,,,,
,,,,The Vijay Millennium Senior Secondary School Link,CBSE,,,,,Hosur Road Link,,,,,,,
,,,,Advaith International Academy Link,CBSE / IB,,,,,Hosur Highway Link,,,,,,,
,,,,Sishya School Link,CBSE,,,,,Hosur Outer Link,,,,,,,
,,,,Vailankanni Public School Link,CBSE,,,,,Rayakottai Road Link,,,,,,,
,,,,The Vijay Millennium Senior Secondary School Link,CBSE,,,,,Rayakottai Road Link,,,,,,,
,,,,Sri Vijay Vidyalaya Matriculation Higher Secondary School Link,Matriculation,,,,,Venkatapuram Link,,,,,,,
,,,Kelamangalam Block,St. Joseph's International School Link,CBSE,,,,,Kelamangalam Road,,,,,,,
,,,,Sri Ramakrishna Nursery & Primary School,Matric (N&P),,,,,Kelamangalam Town,,,,,,,
,,,,K.A.M.S. Nursery and Primary School,Matric (N&P),,,,,Kelamangalam Rural Area,,,,,,,
,,,,Little Wonders Pre School,Play / Primary,,,,,Kelamangalam Center,,,,,,,
,,,,The Vijay Millennium Senior Secondary School Link,CBSE,,,,,Hosur Road Link,,,,,,,
,,,,Advaith International Academy Link,CBSE / IB,,,,,Hosur Highway Link,,,,,,,
,,,,Sishya School Link,CBSE,,,,,Hosur Outer Link,,,,,,,
,,,,St. Mary's Matriculation Higher Secondary School Link,Matriculation,,,,,Denkanikottai Link,,,,,,,
,,,,Vailankanni Public School Link,CBSE,,,,,Rayakottai Road Link,,,,,,,
,,,,Sri Vijay Vidyalaya Matriculation Higher Secondary School Link,Matriculation,,,,,Rayakottai Link,,,,,,,
,,,Thally Block,Asirvanam Nursery & Primary School,Matric (N&P),,,,,Thally Town Center,,,,,,,
,,,,St. Joseph's Nursery & Primary School,Matric (N&P),,,,,Thally Town,,,,,,,
,,,,Sri Ramakrishna Nursery & Primary School,Matric (N&P),,,,,Thally Region,,,,,,,
,,,,K.A.M.S. Nursery and Primary School,Matric (N&P),,,,,Thally Rural Area,,,,,,,
,,,,Little Wonders Pre School,Play / Primary,,,,,Thally Center,,,,,,,
,,,,St. Mary's Matriculation Higher Secondary School Link,Matriculation,,,,,Denkanikottai Link,,,,,,,
,,,,The Vijay Millennium Senior Secondary School Link,CBSE,,,,,Hosur Road Link,,,,,,,
,,,,Advaith International Academy Link,CBSE / IB,,,,,Hosur Highway Link,,,,,,,
,,,,Sishya School Link,CBSE,,,,,Hosur Outer Link,,,,,,,
,,,,St. Joseph's International School Link,CBSE,,,,,Kelamangalam Road Link,,,,,,,
,,,Hosur Urban,The Vijay Millennium Senior Secondary School,CBSE,,,,,"Andivadi Checkpost, Rayakottai Rd",,,,,,,
,,,,Advaith International Academy,CBSE / IB,,,,,Thally Road Link,,,,,,,
,,,,Sishya School,CBSE,,,,,Thally Road,,,,,,,
,,,,St. Joseph's Matriculation Higher Secondary School,Matriculation,,,,,Railway Station Road,,,,,,,
,,,,Maharishi Vidya Mandir Senior Secondary School,CBSE,,,,,Sipcot Phase I,,,,,,,
,,,,Litera Valley Zebra School,CBSE,,,,,Avalapalli Road,,,,,,,
,,,,Green Valley Public School,CBSE,,,,,Denkanikottai Road,,,,,,,
,,,,Titan School,CBSE,,,,,Mathigiri,,,,,,,
,,,,Oakridge International School Link,IB / International,,,,,Hosur Outer Link,,,,,,,
,,,,Asians Christian School,CBSE,,,,,Thorapalli Main Road,,,,,,,
,,The Nilgiris,Ooty Urban,Hebron School Ooty,IGCSE / CIE,,,,,"Lushington, Charing Cross",,,,,,,
,,,,Good Shepherd International School,IB / IGCSE / ICSE,,,,,Palada Post,,,,,,,
,,,,The Lawrence School Lovedale,CBSE,,,,,Lovedale,,,,,,,
,,,,Blue Mountains School,ICSE / ISC,,,,,Davisdale,,,,,,,
,,,,St. Joseph's Higher Secondary School (Private Wing),Matriculation,,,,,St. Mary's Hill,,,,,,,
,,,,Nazareth Matriculation Higher Secondary School,Matriculation,,,,,Walsham Road,,,,,,,
,,,,Woodside School,ICSE / CBSE Link,,,,,"Woodside, Club Road",,,,,,,
,,,,Kingsley Matriculation Higher Secondary School,Matriculation,,,,,Kingsley Estate,,,,,,,
,,,,Bregma Higher Secondary School,Matriculation,,,,,Fingerpost,,,,,,,
,,,,Laidlaw Memorial School and College,ICSE / ISC,,,,,Ketti Valley Link,,,,,,,
,,,,Riverside Public School (Ooty Wing),CBSE,,,,,Kotagiri Road Link,,,,,,,
,,,,The Little Kingdom Pre School,Play / Primary,,,,,Ooty Center,,,,,,,
,,,,Stanes Higher Secondary School Link,ICSE / Matric,,,,,Coonoor Link Road,,,,,,,
,,,,St. Jude's Public School & Junior College Link,CBSE,,,,,Kotagiri Road Link,,,,,,,
,,,,GEMS Our Own English High School Link,CBSE,,,,,Coonoor Highway Link,,,,,,,
,,,Coonoor Urban,Stanes Higher Secondary School,ICSE / Matric,,,,,"Bedford, Coonoor Town",,,,,,,
,,,,GEMS Our Own English High School,CBSE,,,,,Wellington Barracks,,,,,,,
,,,,St. Joseph's Boys' Higher Secondary School,Matriculation,,,,,Mount Road,,,,,,,
,,,,Providence Girls Higher Secondary School (Private Wing),Matriculation,,,,,Springfield Road,,,,,,,
,,,,Brindavan Public School,CBSE,,,,,Brooklands,,,,,,,
,,,,Mountain View School,ICSE / ISC,,,,,Coonoor Town Center,,,,,,,
,,,,Highfield School,CBSE,,,,,Highfield Estate,,,,,,,
,,,,Riverside Public School,CBSE,,,,,"Kotagiri Road, Yedapalli",,,,,,,
,,,,Symphony Pre School,Play / Primary,,,,,Bedford Area,,,,,,,
,,,,Little Angels Nursery & Primary School,Matric (N&P),,,,,Coonoor Center,,,,,,,
,,,,The Laidlaw Memorial School and College,ICSE / ISC,,,,,Ketti Valley,,,,,,,
,,,,The Lawrence School Lovedale Link,CBSE,,,,,Lovedale Link,,,,,,,
,,,,Hebron School Ooty Link,IGCSE / CIE,,,,,Charing Cross Link,,,,,,,
,,,,St. Jude's Public School & Junior College Link,CBSE,,,,,Kotagiri Road Link,,,,,,,
,,,,Kendriya Vidyalaya Cordite Factory Link,CBSE,,,,,Aravankadu Link,,,,,,,
,,,Kotagiri Block,St. Jude's Public School & Junior College,CBSE,,,,,Kotagiri Road,,,,,,,
,,,,St. Jude's Public School Main Campus,CBSE,,,,,Nirmala Convent Campus,,,,,,,
,,,,Kerben Green Valley Public School,CBSE,,,,,Kerben Estate,,,,,,,
,,,,Viswa Shanthi Vidyalaya Higher Secondary School,Matriculation,,,,,Johnsland,,,,,,,
,,,,Kodaikanal International School Link Wing,IB / International,,,,,Kotagiri Outer Road,,,,,,,
,,,,Sri Vigneshwara Nursery & Primary School,Matric (N&P),,,,,Kotagiri Town Center,,,,,,,
,,,,K.A.M.S. Nursery and Primary School,Matric (N&P),,,,,Kotagiri Rural Area,,,,,,,
,,,,Little Angels Play School,Play / Primary,,,,,Kotagiri Center,,,,,,,
,,,,Riverside Public School Link,CBSE,,,,,Yedapalli Link Road,,,,,,,
,,,,Stanes Higher Secondary School Link,ICSE / Matric,,,,,Bedford Link,,,,,,,
,,,Gudalur Block,Yathrib Matriculation Higher Secondary School,Matriculation,,,,,Sulthan Bathery Road,,,,,,,
,,,,St. Mary's Matriculation Higher Secondary School,Matriculation,,,,,Gudalur Town Center,,,,,,,
,,,,Gudalur Public School,CBSE,,,,,Ooty Main Road,,,,,,,
,,,,Hill View Matriculation Higher Secondary School,Matriculation,,,,,Devala Road Link,,,,,,,
,,,,Crescent Nursery & Primary School,Matric (N&P),,,,,Gudalur Town Center,,,,,,,
,,,,K.A.M.S. Nursery and Primary School,Matric (N&P),,,,,Gudalur Rural Area,,,,,,,
,,,,Sri Vigneshwara Nursery & Primary School,Matric (N&P),,,,,Thorapalli Link,,,,,,,
,,,,Little Angels Play School,Play / Primary,,,,,Gudalur Town,,,,,,,
,,,,Sacred Heart Matriculation Higher Secondary School Link,Matriculation,,,,,Pandalur Road Link,,,,,,,
,,,,Good Shepherd International School Link,IB / IGCSE / ICSE,,,,,Palada Link Road,,,,,,,
,,,,Sacred Heart Matriculation Higher Secondary School,Matriculation,,,,,Pandalur Town,,,,,,,
,,,,Nelliyalam Matriculation Higher Secondary School,Matriculation,,,,,Nelliyalam Road,,,,,,,
,,,,Sri Vigneshwara Nursery & Primary School,Matric (N&P),,,,,Pandalur Town Center,,,,,,,
,,,,K.A.M.S. Nursery and Primary School,Matric (N&P),,,,,Pandalur Rural Area,,,,,,,
,,,,Little Angels Play School,Play / Primary,,,,,Pandalur Center,,,,,,,
,,,,Yathrib Matriculation Higher Secondary School Link,Matriculation,,,,,Sulthan Bathery Road Link,,,,,,,
,,,,St. Mary's Matriculation Higher Secondary School Link,Matriculation,,,,,Gudalur Town Link,,,,,,,
,,,,Gudalur Public School Link,CBSE,,,,,Ooty Main Road Link,,,,,,,
,,,,Hill View Matriculation Higher Secondary School Link,Matriculation,,,,,Devala Road Link,,,,,,,
,,,,Good Shepherd International School Link,IB / IGCSE / ICSE,,,,,Palada Link Road,,,,,,,
